Vertices,Edge %,Chromatic Number,Exec Time,Basic Operations,Configurations Tested,Precision
4,0 (12.5%),1,0.0389,0,4,0
4,1 (25%),2,0.0110,1,4,0
4,3 (50%),2,0.0081,2,4,0
4,4 (75%),2,0.0069,2,4,0
5,1 (12.5%),2,0.0219,1,5,0
5,2 (25%),2,0.0076,2,5,0
5,5 (50%),3,0.0274,4,5,0
5,7 (75%),3,0.0272,4,5,0
6,1 (12.5%),2,0.0110,1,6,0
6,3 (25%),2,0.0117,2,6,0
6,7 (50%),4,0.0105,7,6,0
6,11 (75%),4,0.0114,9,6,0
7,2 (12.5%),2,0.0107,2,7,0
7,5 (25%),2,0.0091,3,7,0
7,10 (50%),3,0.0093,7,7,0
7,15 (75%),4,0.0095,13,7,0
8,3 (12.5%),2,0.0095,3,8,0
8,7 (25%),3,0.0091,6,8,0
8,14 (50%),4,0.0105,8,8,1
8,21 (75%),4,0.0107,14,8,0
9,4 (12.5%),2,0.0122,3,9,0
9,9 (25%),3,0.0105,7,9,0
9,18 (50%),4,0.0114,16,9,0
9,27 (75%),5,0.0172,16,9,0
10,5 (12.5%),2,0.0196,3,10,0
10,11 (25%),3,0.0150,10,10,0
10,22 (50%),4,0.0477,12,10,0
10,33 (75%),5,0.0207,22,10,0
11,6 (12.5%),2,0.0188,5,11,
11,13 (25%),3,0.0136,6,11,
11,27 (50%),4,0.0136,14,11,
11,41 (75%),6,0.0145,29,11,
12,8 (12.5%),3,0.0126,6,12,
12,16 (25%),3,0.0122,11,12,
12,33 (50%),4,0.0138,16,12,
12,49 (75%),7,0.0165,36,12,
13,9 (12.5%),3,0.0134,8,13,
13,19 (25%),4,0.0136,15,13,
13,39 (50%),4,0.0150,21,13,
13,58 (75%),7,0.0215,36,13,
14,11 (12.5%),3,0.0131,9,14,
14,22 (25%),3,0.0145,17,14,
14,45 (50%),5,0.0167,25,14,
14,68 (75%),8,0.0193,41,14,
15,13 (12.5%),3,0.0153,10,15,
15,26 (25%),3,0.0160,17,15,
15,52 (50%),6,0.0191,31,15,
15,78 (75%),7,0.0207,45,15,
16,15 (12.5%),3,0.0148,10,16,
16,30 (25%),4,0.0162,14,16,
16,60 (50%),6,0.0241,38,16,
16,90 (75%),7,0.0575,47,16,
17,17 (12.5%),3,0.0427,13,17,
17,34 (25%),4,0.0174,18,17,
17,68 (50%),7,0.0205,40,17,
17,102 (75%),7,0.0238,50,17,
18,19 (12.5%),3,0.0169,13,18,
18,38 (25%),4,0.0188,20,18,
18,76 (50%),6,0.0238,42,18,
18,114 (75%),8,0.0255,60,18,
19,21 (12.5%),3,0.0179,14,19,
19,42 (25%),4,0.0205,23,19,
19,85 (50%),6,0.0248,38,19,
19,128 (75%),9,0.0284,74,19,
20,23 (12.5%),3,0.0184,16,20,
20,47 (25%),4,0.0198,23,20,
20,95 (50%),7,0.0253,55,20,
20,142 (75%),10,0.0308,87,20,
21,26 (12.5%),3,0.0188,17,21,
21,52 (25%),4,0.0215,27,21,
21,105 (50%),7,0.0265,53,21,
21,157 (75%),9,0.0319,79,21,
22,28 (12.5%),3,0.0200,14,22,
22,57 (25%),5,0.0226,37,22,
22,115 (50%),6,0.0281,52,22,
22,173 (75%),10,0.0339,93,22,
23,31 (12.5%),4,0.0207,20,23,
23,63 (25%),5,0.0238,33,23,
23,126 (50%),6,0.0291,46,23,
23,189 (75%),10,0.0365,99,23,
24,34 (12.5%),4,0.0215,22,24,
24,69 (25%),5,0.0241,36,24,
24,138 (50%),8,0.0308,76,24,
24,207 (75%),11,0.0398,107,24,
25,37 (12.5%),3,0.0229,22,25,
25,75 (25%),5,0.0575,45,25,
25,150 (50%),7,0.0327,73,25,
25,225 (75%),11,0.0420,114,25,
26,40 (12.5%),4,0.0246,26,26,
26,81 (25%),5,0.0274,48,26,
26,162 (50%),7,0.0348,65,26,
26,243 (75%),11,0.0434,137,26,
27,43 (12.5%),4,0.0250,25,27,
27,87 (25%),5,0.0274,42,27,
27,175 (50%),8,0.0367,84,27,
27,263 (75%),11,0.0453,139,27,
28,47 (12.5%),4,0.0563,30,28,
28,94 (25%),5,0.0298,48,28,
28,189 (50%),8,0.0389,88,28,
28,283 (75%),11,0.0556,144,28,
29,50 (12.5%),3,0.0269,27,29,
29,101 (25%),5,0.0377,48,29,
29,203 (50%),9,0.0408,94,29,
29,304 (75%),11,0.0525,146,29,
30,54 (12.5%),4,0.0269,26,30,
30,108 (25%),5,0.0312,55,30,
30,217 (50%),8,0.0434,84,30,
30,326 (75%),13,0.0567,174,30,
31,58 (12.5%),4,0.0286,34,31,
31,116 (25%),6,0.0353,63,31,
31,232 (50%),9,0.0443,108,31,
31,348 (75%),12,0.0565,171,31,
32,62 (12.5%),4,0.0317,32,32,
32,124 (25%),6,0.0358,61,32,
32,248 (50%),8,0.0474,105,32,
32,372 (75%),13,0.0629,193,32,
33,66 (12.5%),4,0.0288,36,33,
33,132 (25%),6,0.0350,62,33,
33,264 (50%),8,0.0484,110,33,
33,396 (75%),13,0.0615,198,33,
34,70 (12.5%),4,0.0308,36,34,
34,140 (25%),5,0.0384,64,34,
34,280 (50%),9,0.0513,136,34,
34,420 (75%),14,0.0651,204,34,
35,74 (12.5%),4,0.0443,38,35,
35,148 (25%),6,0.0386,75,35,
35,297 (50%),9,0.0532,132,35,
35,446 (75%),14,0.0672,212,35,
36,78 (12.5%),5,0.0322,39,36,
36,157 (25%),5,0.0403,67,36,
36,315 (50%),8,0.0544,117,36,
36,472 (75%),12,0.0715,193,36,
37,83 (12.5%),4,0.0389,44,37,
37,166 (25%),6,0.0424,76,37,
37,333 (50%),9,0.0577,141,37,
37,499 (75%),14,0.0746,238,37,
38,87 (12.5%),4,0.0329,48,38,
38,175 (25%),7,0.0472,86,38,
38,351 (50%),9,0.0606,143,38,
38,527 (75%),15,0.0777,262,38,
39,92 (12.5%),4,0.0408,46,39,
39,185 (25%),6,0.0434,74,39,
39,370 (50%),10,0.0637,144,39,
39,555 (75%),15,0.0820,269,39,
40,97 (12.5%),4,0.0365,51,40,
40,195 (25%),6,0.0463,88,40,
40,390 (50%),10,0.0651,158,40,
40,585 (75%),15,0.0832,265,40,
41,102 (12.5%),5,0.0598,48,41,
41,205 (25%),6,0.0815,87,41,
41,410 (50%),11,0.0689,192,41,
41,615 (75%),15,0.0870,267,41,
42,107 (12.5%),4,0.0374,54,42,
42,215 (25%),7,0.0505,106,42,
42,430 (50%),11,0.0696,169,42,
42,645 (75%),15,0.0944,258,42,
43,112 (12.5%),4,0.0432,52,43,
43,225 (25%),6,0.0527,93,43,
43,451 (50%),11,0.0715,207,43,
43,677 (75%),17,0.0949,314,43,
44,118 (12.5%),4,0.0408,62,44,
44,236 (25%),7,0.0529,102,44,
44,473 (50%),11,0.0734,192,44,
44,709 (75%),15,0.1006,299,44,
45,123 (12.5%),5,0.0417,63,45,
45,247 (25%),6,0.0546,109,45,
45,495 (50%),11,0.0772,202,45,
45,742 (75%),16,0.1047,322,45,
46,129 (12.5%),5,0.0432,66,46,
46,258 (25%),7,0.0563,110,46,
46,517 (50%),10,0.0806,202,46,
46,776 (75%),16,0.1063,323,46,
47,135 (12.5%),4,0.0458,66,47,
47,270 (25%),7,0.0629,113,47,
47,540 (50%),11,0.0992,212,47,
47,810 (75%),16,0.1106,309,47,
48,141 (12.5%),5,0.0448,70,48,
48,282 (25%),8,0.0656,125,48,
48,564 (50%),12,0.0908,209,48,
48,846 (75%),18,0.1245,416,48,
49,147 (12.5%),5,0.0494,73,49,
49,294 (25%),7,0.0641,124,49,
49,588 (50%),12,0.0937,232,49,
49,882 (75%),18,0.1225,397,49,
50,153 (12.5%),5,0.0494,81,50,
50,306 (25%),8,0.0682,138,50,
50,612 (50%),12,0.0963,236,50,
50,918 (75%),18,0.1259,373,50,
51,159 (12.5%),5,0.0508,82,51,
51,318 (25%),8,0.0691,133,51,
51,637 (50%),12,0.1459,262,51,
51,956 (75%),18,0.1638,416,51,
52,165 (12.5%),5,0.0563,86,52,
52,331 (25%),7,0.0887,135,52,
52,663 (50%),12,0.1016,251,52,
52,994 (75%),18,0.1373,422,52,
53,172 (12.5%),5,0.0525,87,53,
53,344 (25%),8,0.0708,148,53,
53,689 (50%),12,0.1218,275,53,
53,1033 (75%),19,0.1414,425,53,
54,178 (12.5%),5,0.0525,90,54,
54,357 (25%),8,0.0727,159,54,
54,715 (50%),13,0.1302,263,54,
54,1073 (75%),19,0.1385,445,54,
55,185 (12.5%),6,0.0534,87,55,
55,371 (25%),8,0.0732,151,55,
55,742 (50%),13,0.1109,284,55,
55,1113 (75%),18,0.1442,467,55,
56,192 (12.5%),5,0.0553,85,56,
56,385 (25%),8,0.0842,151,56,
56,770 (50%),13,0.1121,281,56,
56,1155 (75%),20,0.1481,504,56,
57,199 (12.5%),6,0.0560,93,57,
57,399 (25%),7,0.0741,152,57,
57,798 (50%),12,0.1130,272,57,
57,1197 (75%),20,0.1533,495,57,
58,206 (12.5%),5,0.0572,95,58,
58,413 (25%),8,0.0782,169,58,
58,826 (50%),15,0.1173,346,58,
58,1239 (75%),19,0.1638,512,58,
59,213 (12.5%),6,0.0589,100,59,
59,427 (25%),8,0.0834,156,59,
59,855 (50%),13,0.1197,326,59,
59,1283 (75%),22,0.1693,586,59,
60,221 (12.5%),6,0.0591,113,60,
60,442 (25%),8,0.0820,183,60,
60,885 (50%),13,0.1249,347,60,
60,1327 (75%),20,0.1686,531,60,
61,228 (12.5%),6,0.0610,101,61,
61,457 (25%),9,0.0858,195,61,
61,915 (50%),14,0.1326,349,61,
61,1372 (75%),20,0.1712,550,61,
62,236 (12.5%),5,0.0634,94,62,
62,472 (25%),8,0.0846,175,62,
62,945 (50%),14,0.1314,355,62,
62,1418 (75%),22,0.1798,611,62,
63,244 (12.5%),6,0.0613,110,63,
63,488 (25%),8,0.0868,180,63,
63,976 (50%),14,0.1352,351,63,
63,1464 (75%),22,0.1795,622,63,
64,252 (12.5%),5,0.0665,114,64,
64,504 (25%),8,0.0920,187,64,
64,1008 (50%),14,0.1452,350,64,
64,1512 (75%),23,0.1919,623,64,
65,260 (12.5%),5,0.0687,105,65,
65,520 (25%),8,0.0980,214,65,
65,1040 (50%),14,0.1447,405,65,
65,1560 (75%),24,0.1950,680,65,
66,268 (12.5%),6,0.0761,106,66,
66,536 (25%),9,0.1485,215,66,
66,1072 (50%),16,0.2024,413,66,
66,1608 (75%),22,0.3126,653,66,
67,276 (12.5%),6,0.0789,122,67,
67,552 (25%),9,0.1712,213,67,
67,1105 (50%),15,0.1576,432,67,
67,1658 (75%),23,0.2081,685,67,
68,284 (12.5%),6,0.0730,131,68,
68,569 (25%),9,0.1044,226,68,
68,1139 (50%),14,0.1576,405,68,
68,1708 (75%),23,0.2141,690,68,
69,293 (12.5%),6,0.0803,139,69,
69,586 (25%),9,0.0999,231,69,
69,1173 (50%),16,0.1557,467,69,
69,1759 (75%),24,0.2155,736,69,
70,301 (12.5%),5,0.0951,120,70,
70,603 (25%),9,0.1092,239,70,
70,1207 (50%),15,0.1764,446,70,
70,1811 (75%),22,0.2704,703,70,
71,310 (12.5%),6,0.0830,131,71,
71,621 (25%),9,0.1094,251,71,
71,1242 (50%),15,0.1891,473,71,
71,1863 (75%),23,0.2317,754,71,
72,319 (12.5%),6,0.0978,135,72,
72,639 (25%),9,0.1194,259,72,
72,1278 (50%),16,0.2377,465,72,
72,1917 (75%),24,0.2913,808,72,
73,328 (12.5%),6,0.0987,141,73,
73,657 (25%),8,0.1814,217,73,
73,1314 (50%),15,0.1950,449,73,
73,1971 (75%),25,0.2904,880,73,
74,337 (12.5%),6,0.0949,149,74,
74,675 (25%),10,0.1738,275,74,
74,1350 (50%),16,0.2155,497,74,
74,2025 (75%),27,0.2952,864,74,
75,346 (12.5%),6,0.0858,152,75,
75,693 (25%),10,0.1335,268,75,
75,1387 (50%),15,0.1864,494,75,
75,2081 (75%),26,0.3533,919,75,
76,356 (12.5%),7,0.0861,165,76,
76,712 (25%),10,0.1223,291,76,
76,1425 (50%),17,0.1874,540,76,
76,2137 (75%),25,0.2699,825,76,
77,365 (12.5%),7,0.0885,159,77,
77,731 (25%),10,0.1383,283,77,
77,1463 (50%),17,0.2196,545,77,
77,2194 (75%),24,0.3977,850,77,
78,375 (12.5%),6,0.0951,150,78,
78,750 (25%),9,0.1237,277,78,
78,1501 (50%),16,0.2434,512,78,
78,2252 (75%),25,0.2987,845,78,
79,385 (12.5%),6,0.1092,153,79,
79,770 (25%),9,0.1307,287,79,
79,1540 (50%),16,0.2115,534,79,
79,2310 (75%),26,0.3266,917,79,
80,395 (12.5%),6,0.0958,181,80,
80,790 (25%),9,0.1333,292,80,
80,1580 (50%),17,0.2117,565,80,
80,2370 (75%),27,0.3922,959,80,
81,405 (12.5%),6,0.0916,161,81,
81,810 (25%),9,0.1245,286,81,
81,1620 (50%),18,0.2728,643,81,
81,2430 (75%),27,0.2992,965,81,
82,415 (12.5%),6,0.0923,171,82,
82,830 (25%),9,0.1335,301,82,
82,1660 (50%),18,0.2129,611,82,
82,2490 (75%),27,0.2935,957,82,
83,425 (12.5%),7,0.0989,164,83,
83,850 (25%),10,0.1388,339,83,
83,1701 (50%),18,0.2215,631,83,
83,2552 (75%),26,0.3092,967,83,
84,435 (12.5%),7,0.0949,201,84,
84,871 (25%),10,0.1552,322,84,
84,1743 (50%),16,0.2201,583,84,
84,2614 (75%),24,0.3173,943,84,
85,446 (12.5%),6,0.0963,174,85,
85,892 (25%),10,0.1428,334,85,
85,1785 (50%),18,0.2236,665,85,
85,2677 (75%),26,0.3183,980,85,
86,456 (12.5%),6,0.1013,185,86,
86,913 (25%),11,0.1545,336,86,
86,1827 (50%),19,0.2711,653,86,
86,2741 (75%),26,0.3440,1041,86,
87,467 (12.5%),7,0.1078,194,87,
87,935 (25%),10,0.1659,338,87,
87,1870 (50%),19,0.2859,683,87,
87,2805 (75%),28,0.3347,1104,87,
88,478 (12.5%),7,0.1595,192,88,
88,957 (25%),10,0.2294,340,88,
88,1914 (50%),18,0.2546,662,88,
88,2871 (75%),28,0.3500,1153,88,
89,489 (12.5%),6,0.1082,183,89,
89,979 (25%),10,0.1550,352,89,
89,1958 (50%),20,0.2477,744,89,
89,2937 (75%),29,0.4370,1126,89,
90,500 (12.5%),7,0.1369,207,90,
90,1001 (25%),11,0.1574,372,90,
90,2002 (50%),19,0.3221,705,90,
90,3003 (75%),30,0.3939,1203,90,
91,511 (12.5%),7,0.1161,220,91,
91,1023 (25%),11,0.1612,376,91,
91,2047 (50%),18,0.2921,707,91,
91,3071 (75%),29,0.4113,1216,91,
92,523 (12.5%),7,0.1118,217,92,
92,1046 (25%),11,0.1650,386,92,
92,2093 (50%),19,0.3028,679,92,
92,3139 (75%),31,0.3703,1190,92,
93,534 (12.5%),7,0.1149,227,93,
93,1069 (25%),10,0.2027,370,93,
93,2139 (50%),19,0.2677,781,93,
93,3208 (75%),29,0.3777,1195,93,
94,546 (12.5%),7,0.1202,220,94,
94,1092 (25%),11,0.1893,388,94,
94,2185 (50%),20,0.2844,767,94,
94,3278 (75%),31,0.4110,1265,94,
95,558 (12.5%),7,0.1352,211,95,
95,1116 (25%),10,0.1748,383,95,
95,2232 (50%),20,0.3467,772,95,
95,3348 (75%),31,0.3982,1379,95,
96,570 (12.5%),7,0.1245,216,96,
96,1140 (25%),11,0.2205,394,96,
96,2280 (50%),18,0.2806,788,96,
96,3420 (75%),32,0.3991,1328,96,
97,582 (12.5%),8,0.1311,231,97,
97,1164 (25%),11,0.1831,417,97,
97,2328 (50%),19,0.2825,781,97,
97,3492 (75%),31,0.5248,1296,97,
98,594 (12.5%),7,0.1421,222,98,
98,1188 (25%),12,0.1950,449,98,
98,2376 (50%),20,0.3037,837,98,
98,3564 (75%),32,0.4752,1441,98,
99,606 (12.5%),8,0.1411,245,99,
99,1212 (25%),11,0.1841,430,99,
99,2425 (50%),18,0.3061,857,99,
99,3638 (75%),30,0.4301,1396,99,
100,618 (12.5%),7,0.1242,255,100,
100,1237 (25%),11,0.1991,428,100,
100,2475 (50%),21,0.3071,898,100,
100,3712 (75%),31,0.4284,1449,100,
101,631 (12.5%),7,0.1280,254,101,
101,1262 (25%),12,0.1879,449,101,
101,2525 (50%),20,0.3002,782,101,
101,3787 (75%),34,0.4556,1572,101,
102,643 (12.5%),8,0.1328,259,102,
102,1287 (25%),11,0.1872,469,102,
102,2575 (50%),20,0.3102,871,102,
102,3863 (75%),32,0.4833,1404,102,
103,656 (12.5%),7,0.1328,257,103,
103,1313 (25%),11,0.1979,446,103,
103,2626 (50%),20,0.3204,929,103,
103,3939 (75%),32,0.5019,1447,103,
104,669 (12.5%),7,0.1338,263,104,
104,1339 (25%),12,0.2091,455,104,
104,2678 (50%),20,0.3214,923,104,
104,4017 (75%),32,0.4926,1565,104,
105,682 (12.5%),8,0.1423,255,105,
105,1365 (25%),11,0.1924,454,105,
105,2730 (50%),19,0.3352,904,105,
105,4095 (75%),33,0.4790,1523,105,
106,695 (12.5%),7,0.1333,239,106,
106,1391 (25%),12,0.2122,478,106,
106,2782 (50%),20,0.3617,889,106,
106,4173 (75%),31,0.5040,1499,106,
107,708 (12.5%),8,0.1507,303,107,
107,1417 (25%),11,0.2155,456,107,
107,2835 (50%),22,0.3378,933,107,
107,4253 (75%),35,0.5250,1664,107,
108,722 (12.5%),7,0.1578,281,108,
108,1444 (25%),12,0.2470,513,108,
108,2889 (50%),21,0.3510,961,108,
108,4333 (75%),34,0.5236,1620,108,
109,735 (12.5%),8,0.2043,267,109,
109,1471 (25%),13,0.2544,529,109,
109,2943 (50%),21,0.3605,954,109,
109,4414 (75%),32,0.5498,1567,109,
110,749 (12.5%),8,0.1507,309,110,
110,1498 (25%),12,0.2239,508,110,
110,2997 (50%),22,0.3691,1028,110,
110,4496 (75%),37,0.5524,1839,110,
111,763 (12.5%),8,0.1595,297,111,
111,1526 (25%),12,0.4020,524,111,
111,3052 (50%),21,0.4499,1055,111,
111,4578 (75%),34,0.5455,1731,111,
112,777 (12.5%),8,0.1655,304,112,
112,1554 (25%),12,0.2491,529,112,
112,3108 (50%),23,0.4070,1078,112,
112,4662 (75%),34,0.6146,1716,112,
113,791 (12.5%),7,0.1626,313,113,
113,1582 (25%),14,0.2363,562,113,
113,3164 (50%),23,0.4280,1052,113,
113,4746 (75%),33,0.5791,1734,113,
114,805 (12.5%),8,0.1862,297,114,
114,1610 (25%),13,0.2341,574,114,
114,3220 (50%),23,0.4220,1163,114,
114,4830 (75%),33,0.5715,1766,114,
115,819 (12.5%),8,0.1783,331,115,
115,1638 (25%),12,0.2575,568,115,
115,3277 (50%),23,0.4237,1103,115,
115,4916 (75%),35,0.6168,1843,115,
116,833 (12.5%),8,0.1612,309,116,
116,1667 (25%),13,0.2496,596,116,
116,3335 (50%),22,0.4046,1092,116,
116,5002 (75%),35,0.5889,1870,116,
117,848 (12.5%),8,0.1822,309,117,
117,1696 (25%),12,0.2706,526,117,
117,3393 (50%),22,0.4241,1163,117,
117,5089 (75%),35,0.5999,1836,117,
118,862 (12.5%),8,0.1836,337,118,
118,1725 (25%),13,0.2630,575,118,
118,3451 (50%),22,0.4280,1093,118,
118,5177 (75%),36,0.6690,1937,118,
119,877 (12.5%),9,0.1733,334,119,
119,1755 (25%),13,0.2651,622,119,
119,3510 (50%),23,0.4637,1156,119,
119,5265 (75%),35,0.6425,1915,119,
120,892 (12.5%),8,0.1740,332,120,
120,1785 (25%),12,0.2689,585,120,
120,3570 (50%),22,0.4945,1145,120,
120,5355 (75%),37,0.6268,1934,120,
121,907 (12.5%),8,0.1767,347,121,
121,1815 (25%),14,0.2809,633,121,
121,3630 (50%),22,0.4830,1162,121,
121,5445 (75%),35,0.6499,1881,121,
122,922 (12.5%),8,0.1867,355,122,
122,1845 (25%),13,0.2985,635,122,
122,3690 (50%),24,0.4842,1218,122,
122,5535 (75%),35,0.6845,1975,122,
123,937 (12.5%),8,0.1805,351,123,
123,1875 (25%),13,0.2761,627,123,
123,3751 (50%),22,0.4532,1175,123,
123,5627 (75%),37,0.6416,2068,123,
124,953 (12.5%),8,0.3843,354,124,
124,1906 (25%),13,0.3536,636,124,
124,3813 (50%),23,0.4740,1230,124,
124,5719 (75%),36,0.6900,2059,124,
125,968 (12.5%),8,0.1879,356,125,
125,1937 (25%),14,0.3386,671,125,
125,3875 (50%),25,0.4883,1280,125,
125,5812 (75%),39,0.6714,2146,125,
126,984 (12.5%),9,0.2007,371,126,
126,1968 (25%),14,0.3011,655,126,
126,3937 (50%),23,0.4914,1272,126,
126,5906 (75%),37,0.6859,2112,126,
127,1000 (12.5%),10,0.2015,388,127,
127,2000 (25%),13,0.2940,667,127,
127,4000 (50%),24,0.4821,1307,127,
127,6000 (75%),40,0.7687,2242,127,
128,1016 (12.5%),8,0.1998,361,128,
128,2032 (25%),13,0.2995,664,128,
128,4064 (50%),24,0.5002,1321,128,
128,6096 (75%),39,0.6862,2292,128,
129,1032 (12.5%),9,0.1945,391,129,
129,2064 (25%),13,0.2935,698,129,
129,4128 (50%),23,0.5238,1360,129,
129,6192 (75%),36,0.7098,2013,129,
130,1048 (12.5%),8,0.1960,399,130,
130,2096 (25%),14,0.2987,748,130,
130,4192 (50%),24,0.5240,1313,130,
130,6288 (75%),38,0.7226,2309,130,
131,1064 (12.5%),8,0.1986,414,131,
131,2128 (25%),13,0.3040,679,131,
131,4257 (50%),23,0.5031,1304,131,
131,6386 (75%),38,0.7694,2362,131,
132,1080 (12.5%),9,0.2055,419,132,
132,2161 (25%),14,0.3169,727,132,
132,4323 (50%),23,0.4997,1359,132,
132,6484 (75%),39,0.7386,2350,132,
133,1097 (12.5%),8,0.2055,384,133,
133,2194 (25%),14,0.3138,708,133,
133,4389 (50%),25,0.5341,1351,133,
133,6583 (75%),38,0.7279,2289,133,
134,1113 (12.5%),9,0.2244,409,134,
134,2227 (25%),14,0.3128,745,134,
134,4455 (50%),24,0.5183,1393,134,
134,6683 (75%),39,0.7410,2323,134,
135,1130 (12.5%),9,0.2050,429,135,
135,2261 (25%),14,0.3147,732,135,
135,4522 (50%),25,0.5581,1401,135,
135,6783 (75%),40,0.8104,2494,135,
136,1147 (12.5%),9,0.2034,402,136,
136,2295 (25%),14,0.3138,749,136,
136,4590 (50%),26,0.5682,1505,136,
136,6885 (75%),40,0.7703,2424,136,
137,1164 (12.5%),9,0.2041,423,137,
137,2329 (25%),15,0.3452,764,137,
137,4658 (50%),25,0.5462,1511,137,
137,6987 (75%),40,0.7975,2574,137,
138,1181 (12.5%),9,0.2029,423,138,
138,2363 (25%),14,0.3285,752,138,
138,4726 (50%),25,0.5760,1443,138,
138,7089 (75%),42,0.8383,2656,138,
139,1198 (12.5%),9,0.2151,416,139,
139,2397 (25%),15,0.3455,841,139,
139,4795 (50%),26,0.5581,1569,139,
139,7193 (75%),41,0.8066,2643,139,
140,1216 (12.5%),8,0.2170,416,140,
140,2432 (25%),15,0.3574,830,140,
140,4865 (50%),26,0.5984,1570,140,
140,7297 (75%),40,0.8614,2537,140,
141,1233 (12.5%),10,0.2623,464,141,
141,2467 (25%),15,0.3486,828,141,
141,4935 (50%),26,0.5565,1554,141,
141,7402 (75%),42,0.8504,2757,141,
142,1251 (12.5%),9,0.2191,459,142,
142,2502 (25%),15,0.3722,772,142,
142,5005 (50%),26,0.5941,1568,142,
142,7508 (75%),40,0.8960,2573,142,
143,1269 (12.5%),10,0.2317,489,143,
143,2538 (25%),14,0.3705,789,143,
143,5076 (50%),26,0.6196,1635,143,
143,7614 (75%),41,0.8698,2668,143,
144,1287 (12.5%),10,0.2577,469,144,
144,2574 (25%),15,0.3917,842,144,
144,5148 (50%),24,0.6273,1521,144,
144,7722 (75%),40,0.8571,2688,144,
145,1305 (12.5%),10,0.2496,507,145,
145,2610 (25%),15,0.4234,861,145,
145,5220 (50%),26,0.8037,1620,145,
145,7830 (75%),45,0.8922,2849,145,
146,1323 (12.5%),9,0.2713,504,146,
146,2646 (25%),15,0.3967,877,146,
146,5292 (50%),25,0.6435,1614,146,
146,7938 (75%),43,0.9263,2833,146,
147,1341 (12.5%),9,0.2425,484,147,
147,2682 (25%),15,0.3970,909,147,
147,5365 (50%),25,0.6328,1677,147,
147,8048 (75%),42,0.9322,2789,147,
148,1359 (12.5%),10,0.2482,524,148,
148,2719 (25%),15,0.3881,906,148,
148,5439 (50%),26,0.6502,1701,148,
148,8158 (75%),41,0.8864,2741,148,
149,1378 (12.5%),10,0.2372,510,149,
149,2756 (25%),14,0.3660,841,149,
149,5513 (50%),28,0.6897,1757,149,
149,8269 (75%),43,0.8941,3001,149,
150,1396 (12.5%),10,0.2418,487,150,
150,2793 (25%),14,0.3924,888,150,
150,5587 (50%),27,0.6659,1689,150,
150,8381 (75%),43,0.8967,2942,150,
151,1415 (12.5%),10,0.2608,531,151,
151,2831 (25%),15,0.3998,916,151,
151,5662 (50%),26,0.6473,1707,151,
151,8493 (75%),42,0.9003,2844,151,
152,1434 (12.5%),9,0.2546,522,152,
152,2869 (25%),15,0.4008,928,152,
152,5738 (50%),26,0.6530,1699,152,
152,8607 (75%),43,1.0788,3007,152,
153,1453 (12.5%),9,0.2422,487,153,
153,2907 (25%),15,0.4144,936,153,
153,5814 (50%),28,0.6995,1819,153,
153,8721 (75%),42,0.9346,2939,153,
154,1472 (12.5%),10,0.2549,502,154,
154,2945 (25%),16,0.4132,926,154,
154,5890 (50%),27,0.6683,1819,154,
154,8835 (75%),47,0.9530,3212,154,
155,1491 (12.5%),10,0.2689,582,155,
155,2983 (25%),15,0.4530,923,155,
155,5967 (50%),27,0.6750,1839,155,
155,8951 (75%),45,1.4839,3140,155,
156,1511 (12.5%),9,0.2615,508,156,
156,3022 (25%),16,0.3958,986,156,
156,6045 (50%),29,1.1239,1910,156,
156,9067 (75%),45,1.0490,3225,156,
157,1530 (12.5%),10,0.2706,559,157,
157,3061 (25%),16,0.4432,1008,157,
157,6123 (50%),30,0.7110,2052,157,
157,9184 (75%),44,1.0383,3321,157,
158,1550 (12.5%),10,0.2694,585,158,
158,3100 (25%),15,0.4170,926,158,
158,6201 (50%),28,0.7477,1867,158,
158,9302 (75%),46,1.1051,3122,158,
159,1570 (12.5%),10,0.2832,569,159,
159,3140 (25%),16,0.4244,1017,159,
159,6280 (50%),27,0.7374,1927,159,
159,9420 (75%),46,1.0219,3325,159,
160,1590 (12.5%),10,0.2754,580,160,
160,3180 (25%),17,0.4284,1022,160,
160,6360 (50%),30,0.7370,2073,160,
160,9540 (75%),45,1.0426,3415,160,
161,1610 (12.5%),11,0.2680,570,161,
161,3220 (25%),16,0.4072,991,161,
161,6440 (50%),29,0.7224,1993,161,
161,9660 (75%),46,1.0803,3460,161,
162,1630 (12.5%),10,0.2711,608,162,
162,3260 (25%),16,0.4210,1048,162,
162,6520 (50%),29,0.8094,2014,162,
162,9780 (75%),44,1.1034,3345,162,
163,1650 (12.5%),10,0.3402,581,163,
163,3300 (25%),16,0.4234,1048,163,
163,6601 (50%),28,0.7427,1959,163,
163,9902 (75%),45,1.6046,3492,163,
164,1670 (12.5%),10,0.3018,566,164,
164,3341 (25%),16,0.4337,1036,164,
164,6683 (50%),30,0.7663,2136,164,
164,10024 (75%),47,1.1370,3535,164,
165,1691 (12.5%),10,0.4075,592,165,
165,3382 (25%),16,0.4573,1086,165,
165,6765 (50%),29,0.7718,2027,165,
165,10147 (75%),45,1.1191,3397,165,
166,1711 (12.5%),10,0.3157,593,166,
166,3423 (25%),17,0.5229,1114,166,
166,6847 (50%),28,0.8073,2035,166,
166,10271 (75%),48,1.1454,3500,166,
167,1732 (12.5%),11,0.4456,598,167,
167,3465 (25%),17,0.5264,1124,167,
167,6930 (50%),29,0.7994,2116,167,
167,10395 (75%),47,1.0931,3512,167,
168,1753 (12.5%),10,0.2792,635,168,
168,3507 (25%),15,0.4637,1031,168,
168,7014 (50%),31,0.8380,2218,168,
168,10521 (75%),47,1.1222,3541,168,
169,1774 (12.5%),10,0.3002,642,169,
169,3549 (25%),16,0.4582,1048,169,
169,7098 (50%),28,0.9172,2157,169,
169,10647 (75%),50,1.1499,3668,169,
170,1795 (12.5%),10,0.3521,609,170,
170,3591 (25%),16,0.4928,1147,170,
170,7182 (50%),29,0.8371,2158,170,
170,10773 (75%),48,1.2391,3747,170,
171,1816 (12.5%),11,0.3259,654,171,
171,3633 (25%),17,0.4828,1112,171,
171,7267 (50%),30,0.8273,2186,171,
171,10901 (75%),48,1.1637,3869,171,
172,1838 (12.5%),10,0.4072,629,172,
172,3676 (25%),16,0.4776,1103,172,
172,7353 (50%),30,0.8261,2299,172,
172,11029 (75%),49,1.1656,3812,172,
173,1859 (12.5%),11,0.3188,683,173,
173,3719 (25%),18,0.4752,1141,173,
173,7439 (50%),29,0.8094,2197,173,
173,11158 (75%),49,1.2581,3865,173,
174,1881 (12.5%),10,0.3028,646,174,
174,3762 (25%),16,0.4690,1149,174,
174,7525 (50%),30,0.8833,2221,174,
174,11288 (75%),49,1.2596,3813,174,
175,1903 (12.5%),10,0.3009,690,175,
175,3806 (25%),17,0.4826,1201,175,
175,7612 (50%),31,0.8395,2425,175,
175,11418 (75%),49,1.2221,3752,175,
176,1925 (12.5%),10,0.3023,682,176,
176,3850 (25%),16,0.4902,1225,176,
176,7700 (50%),30,0.8373,2276,176,
176,11550 (75%),52,1.2636,4266,176,
177,1947 (12.5%),11,0.3185,678,177,
177,3894 (25%),17,0.4964,1213,177,
177,7788 (50%),30,0.8240,2370,177,
177,11682 (75%),51,1.2822,4039,177,
178,1969 (12.5%),11,0.3209,705,178,
178,3938 (25%),17,0.5131,1211,178,
178,7876 (50%),30,0.8919,2339,178,
178,11814 (75%),48,1.2431,4029,178,
179,1991 (12.5%),11,0.3438,724,179,
179,3982 (25%),17,0.5653,1270,179,
179,7965 (50%),32,0.8855,2481,179,
179,11948 (75%),52,1.2910,4176,179,
180,2013 (12.5%),11,0.3157,707,180,
180,4027 (25%),17,0.4933,1230,180,
180,8055 (50%),32,0.8850,2512,180,
180,12082 (75%),49,1.3001,4035,180,
181,2036 (12.5%),10,0.3340,707,181,
181,4072 (25%),17,0.5105,1253,181,
181,8145 (50%),31,0.9570,2453,181,
181,12217 (75%),50,1.3535,4244,181,
182,2058 (12.5%),11,0.3572,732,182,
182,4117 (25%),17,0.5279,1259,182,
182,8235 (50%),31,0.9403,2467,182,
182,12353 (75%),51,1.3633,4240,182,
183,2081 (12.5%),11,0.3245,696,183,
183,4163 (25%),17,0.5574,1294,183,
183,8326 (50%),32,0.9546,2612,183,
183,12489 (75%),51,1.4083,4462,183,
184,2104 (12.5%),10,0.3333,712,184,
184,4209 (25%),17,0.5133,1311,184,
184,8418 (50%),31,0.9387,2557,184,
184,12627 (75%),51,1.4126,4398,184,
185,2127 (12.5%),11,0.3495,702,185,
185,4255 (25%),17,0.5500,1297,185,
185,8510 (50%),31,0.9329,2496,185,
185,12765 (75%),52,1.6108,4360,185,
186,2150 (12.5%),11,0.3419,750,186,
186,4301 (25%),17,0.5209,1291,186,
186,8602 (50%),31,0.9928,2472,186,
186,12903 (75%),52,1.4780,4402,186,
187,2173 (12.5%),10,0.3481,732,187,
187,4347 (25%),19,0.5298,1401,187,
187,8695 (50%),32,0.9634,2469,187,
187,13043 (75%),52,1.4608,4442,187,
188,2197 (12.5%),12,0.3736,767,188,
188,4394 (25%),18,0.5870,1340,188,
188,8789 (50%),32,0.9568,2651,188,
188,13183 (75%),52,1.3862,4501,188,
189,2220 (12.5%),11,0.3457,760,189,
189,4441 (25%),18,0.5584,1323,189,
189,8883 (50%),32,0.9608,2673,189,
189,13324 (75%),53,1.5719,4472,189,
190,2244 (12.5%),11,0.3450,792,190,
190,4488 (25%),18,0.5405,1338,190,
190,8977 (50%),32,0.9723,2683,190,
190,13466 (75%),54,1.3967,4665,190,
191,2268 (12.5%),11,0.3471,766,191,
191,4536 (25%),17,0.5438,1308,191,
191,9072 (50%),32,1.0276,2633,191,
191,13608 (75%),53,1.4448,4666,191,
192,2292 (12.5%),11,0.3557,789,192,
192,4584 (25%),19,0.5786,1405,192,
192,9168 (50%),33,1.0376,2688,192,
192,13752 (75%),55,1.6377,4731,192,
193,2316 (12.5%),10,0.3731,796,193,
193,4632 (25%),19,0.5569,1392,193,
193,9264 (50%),33,1.0705,2770,193,
193,13896 (75%),54,1.4410,4705,193,
194,2340 (12.5%),11,0.4256,799,194,
194,4680 (25%),17,0.6087,1457,194,
194,9360 (50%),32,1.0042,2733,194,
194,14040 (75%),54,1.4970,4907,194,
195,2364 (12.5%),12,0.4249,806,195,
195,4728 (25%),18,0.5825,1444,195,
195,9457 (50%),32,1.0715,2806,195,
195,14186 (75%),52,1.8125,4786,195,
196,2388 (12.5%),12,0.3784,817,196,
196,4777 (25%),19,0.6430,1463,196,
196,9555 (50%),32,1.0469,2768,196,
196,14332 (75%),53,1.4825,4810,196,
197,2413 (12.5%),11,0.4263,818,197,
197,4826 (25%),17,0.6001,1388,197,
197,9653 (50%),34,1.3459,2842,197,
197,14479 (75%),54,1.5271,4916,197,
198,2437 (12.5%),12,0.3810,847,198,
198,4875 (25%),18,0.5863,1484,198,
198,9751 (50%),33,1.0436,2875,198,
198,14627 (75%),53,1.5302,4849,198,
199,2462 (12.5%),12,0.4332,883,199,
199,4925 (25%),18,0.5863,1466,199,
199,9850 (50%),34,1.0478,2988,199,
199,14775 (75%),55,1.5256,5148,199,
200,2487 (12.5%),11,0.4289,793,200,
200,4975 (25%),19,0.5965,1538,200,
200,9950 (50%),33,1.0548,2968,200,
200,14925 (75%),54,1.5237,4923,200,
201,2512 (12.5%),11,0.4101,847,201,
201,5025 (25%),18,0.7167,1457,201,
201,10050 (50%),33,1.0619,2971,201,
201,15075 (75%),56,1.5514,5065,201,
202,2537 (12.5%),11,0.3893,796,202,
202,5075 (25%),17,0.6056,1502,202,
202,10150 (50%),33,1.0695,3041,202,
202,15225 (75%),53,1.6270,5009,202,
203,2562 (12.5%),12,0.4423,869,203,
203,5125 (25%),20,0.6385,1584,203,
203,10251 (50%),35,1.0881,3038,203,
203,15377 (75%),55,1.5631,5147,203,
204,2588 (12.5%),11,0.3874,852,204,
204,5176 (25%),19,0.6187,1603,204,
204,10353 (50%),36,1.1005,3175,204,
204,15529 (75%),58,1.6036,5394,204,
205,2613 (12.5%),12,0.3812,913,205,
205,5227 (25%),20,0.6354,1695,205,
205,10455 (50%),33,1.1041,2988,205,
205,15682 (75%),55,1.6415,5098,205,
206,2639 (12.5%),11,0.4566,868,206,
206,5278 (25%),18,0.6764,1552,206,
206,10557 (50%),34,1.0867,3087,206,
206,15836 (75%),56,1.6503,5284,206,
207,2665 (12.5%),12,0.4930,858,207,
207,5330 (25%),19,0.6402,1623,207,
207,10660 (50%),33,1.1930,3158,207,
207,15990 (75%),56,2.0773,5355,207,
208,2691 (12.5%),12,0.4361,890,208,
208,5382 (25%),19,0.7744,1610,208,
208,10764 (50%),36,1.1992,3165,208,
208,16146 (75%),58,1.6348,5596,208,
209,2717 (12.5%),11,0.4997,912,209,
209,5434 (25%),18,0.7391,1620,209,
209,10868 (50%),34,1.4758,3239,209,
209,16302 (75%),57,1.6952,5378,209,
210,2743 (12.5%),12,0.3984,894,210,
210,5486 (25%),19,0.6299,1619,210,
210,10972 (50%),35,1.1389,3279,210,
210,16458 (75%),56,1.6294,5292,210,
211,2769 (12.5%),11,0.4721,942,211,
211,5538 (25%),18,0.6337,1636,211,
211,11077 (50%),36,1.1504,3322,211,
211,16616 (75%),60,1.7347,5764,211,
212,2795 (12.5%),11,0.5555,898,212,
212,5591 (25%),19,0.6547,1661,212,
212,11183 (50%),35,1.2007,3285,212,
212,16774 (75%),58,1.7009,5597,212,
213,2822 (12.5%),12,0.4525,929,213,
213,5644 (25%),19,0.6726,1684,213,
213,11289 (50%),35,1.1599,3377,213,
213,16933 (75%),56,1.8337,5495,213,
214,2848 (12.5%),12,0.4153,901,214,
214,5697 (25%),19,0.6676,1638,214,
214,11395 (50%),34,1.1866,3322,214,
214,17093 (75%),57,1.7223,5584,214,
215,2875 (12.5%),12,0.5367,956,215,
215,5751 (25%),18,0.6864,1659,215,
215,11502 (50%),36,1.1697,3316,215,
215,17253 (75%),58,1.8106,5734,215,
216,2902 (12.5%),12,0.4327,917,216,
216,5805 (25%),20,0.8798,1781,216,
216,11610 (50%),36,1.4405,3379,216,
216,17415 (75%),57,1.9746,5670,216,
217,2929 (12.5%),12,0.4680,979,217,
217,5859 (25%),18,0.8147,1635,217,
217,11718 (50%),33,1.9500,3162,217,
217,17577 (75%),59,1.7359,5744,217,
218,2956 (12.5%),12,0.5300,977,218,
218,5913 (25%),19,0.7167,1851,218,
218,11826 (50%),36,1.3778,3342,218,
218,17739 (75%),60,1.8575,6033,218,
219,2983 (12.5%),12,0.4945,978,219,
219,5967 (25%),20,0.8469,1735,219,
219,11935 (50%),35,1.2887,3459,219,
219,17903 (75%),60,2.7473,5873,219,
220,3011 (12.5%),12,0.5345,1011,220,
220,6022 (25%),20,0.7899,1732,220,
220,12045 (50%),36,1.7636,3493,220,
220,18067 (75%),59,1.9267,5890,220,
221,3038 (12.5%),12,0.5558,964,221,
221,6077 (25%),19,0.7851,1807,221,
221,12155 (50%),37,1.2329,3544,221,
221,18232 (75%),60,1.8699,6107,221,
222,3066 (12.5%),12,0.4730,957,222,
222,6132 (25%),21,0.6914,1807,222,
222,12265 (50%),37,1.3058,3656,222,
222,18398 (75%),61,1.8666,5855,222,
223,3094 (12.5%),12,0.5829,1018,223,
223,6188 (25%),20,0.7238,1797,223,
223,12376 (50%),38,1.2937,3638,223,
223,18564 (75%),59,1.8306,6042,223,
224,3122 (12.5%),12,0.6046,1011,224,
224,6244 (25%),20,0.7074,1782,224,
224,12488 (50%),37,1.2734,3568,224,
224,18732 (75%),62,1.8737,6268,224,
225,3150 (12.5%),12,0.5116,989,225,
225,6300 (25%),20,0.7591,1863,225,
225,12600 (50%),37,1.3003,3532,225,
225,18900 (75%),60,1.8561,5910,225,
226,3178 (12.5%),12,0.4740,1072,226,
226,6356 (25%),20,0.7458,1843,226,
226,12712 (50%),38,1.2825,3746,226,
226,19068 (75%),63,1.9417,6335,226,
227,3206 (12.5%),12,0.5713,1031,227,
227,6412 (25%),21,0.7408,1876,227,
227,12825 (50%),36,1.3182,3531,227,
227,19238 (75%),62,2.0227,6415,227,
228,3234 (12.5%),13,0.4873,1100,228,
228,6469 (25%),19,0.7286,1829,228,
228,12939 (50%),36,1.3058,3637,228,
228,19408 (75%),63,2.0065,6580,228,
229,3263 (12.5%),12,0.5200,1078,229,
229,6526 (25%),21,0.7801,1912,229,
229,13053 (50%),39,1.3936,3884,229,
229,19579 (75%),62,1.9579,6507,229,
230,3291 (12.5%),13,0.4795,1036,230,
230,6583 (25%),21,0.7436,1921,230,
230,13167 (50%),40,1.3754,3915,230,
230,19751 (75%),61,2.0754,6379,230,
231,3320 (12.5%),12,0.5312,1091,231,
231,6641 (25%),20,0.7777,1913,231,
231,13282 (50%),38,1.4389,3782,231,
231,19923 (75%),62,2.2864,6683,231,
232,3349 (12.5%),13,0.5126,1074,232,
232,6699 (25%),21,0.7415,1983,232,
232,13398 (50%),39,1.3175,3929,232,
232,20097 (75%),61,2.0218,6473,232,
233,3378 (12.5%),13,0.6063,1105,233,
233,6757 (25%),21,0.8180,1884,233,
233,13514 (50%),39,1.3995,3891,233,
233,20271 (75%),62,2.0318,6686,233,
234,3407 (12.5%),13,0.7632,1132,234,
234,6815 (25%),20,0.7510,1978,234,
234,13630 (50%),37,1.3785,3882,234,
234,20445 (75%),64,2.3248,6627,234,
235,3436 (12.5%),12,0.5045,1077,235,
235,6873 (25%),21,0.8466,1950,235,
235,13747 (50%),38,2.2364,3979,235,
235,20621 (75%),64,2.2509,6905,235,
236,3466 (12.5%),12,0.5252,1143,236,
236,6932 (25%),20,0.9089,1963,236,
236,13865 (50%),37,2.0468,3896,236,
236,20797 (75%),63,2.2011,6828,236,
237,3495 (12.5%),13,0.5851,1081,237,
237,6991 (25%),21,0.8337,1990,237,
237,13983 (50%),38,1.7633,3896,237,
237,20974 (75%),64,2.3508,6973,237,
238,3525 (12.5%),14,0.5627,1198,238,
238,7050 (25%),20,1.0011,2074,238,
238,14101 (50%),40,1.5905,4269,238,
238,21152 (75%),65,2.3677,7218,238,
239,3555 (12.5%),12,0.6039,1078,239,
239,7110 (25%),20,0.8872,1955,239,
239,14220 (50%),38,1.5664,4003,239,
239,21330 (75%),63,2.3043,6889,239,
240,3585 (12.5%),13,0.6092,1224,240,
240,7170 (25%),21,1.1990,2042,240,
240,14340 (50%),38,2.1162,4121,240,
240,21510 (75%),60,2.2249,6832,240,
241,3615 (12.5%),12,0.5331,1143,241,
241,7230 (25%),22,0.8261,2107,241,
241,14460 (50%),39,1.5118,4061,241,
241,21690 (75%),62,2.2655,6793,241,
242,3645 (12.5%),13,0.6917,1158,242,
242,7290 (25%),22,0.8373,2226,242,
242,14580 (50%),39,1.4756,4202,242,
242,21870 (75%),65,2.2378,7121,242,
243,3675 (12.5%),12,0.5527,1147,243,
243,7350 (25%),21,0.8092,2057,243,
243,14701 (50%),39,1.5523,4060,243,
243,22052 (75%),66,2.1770,7210,243,
244,3705 (12.5%),12,0.5598,1142,244,
244,7411 (25%),21,0.8178,2049,244,
244,14823 (50%),39,1.5152,4275,244,
244,22234 (75%),65,2.2223,7038,244,
245,3736 (12.5%),13,0.5898,1182,245,
245,7472 (25%),21,0.8054,2102,245,
245,14945 (50%),40,1.5724,4183,245,
245,22417 (75%),66,2.2085,7404,245,
246,3766 (12.5%),13,0.5071,1221,246,
246,7533 (25%),21,0.8230,2072,246,
246,15067 (50%),39,1.5690,4265,246,
246,22601 (75%),66,2.2032,7335,246,
247,3797 (12.5%),13,0.5820,1193,247,
247,7595 (25%),22,0.8445,2269,247,
247,15190 (50%),40,1.5726,4410,247,
247,22785 (75%),68,2.2576,7703,247,
248,3828 (12.5%),13,0.6711,1211,248,
248,7657 (25%),21,0.8440,2177,248,
248,15314 (50%),41,1.5879,4347,248,
248,22971 (75%),68,2.3160,7743,248,
249,3859 (12.5%),14,0.5605,1258,249,
249,7719 (25%),22,0.8342,2231,249,
249,15438 (50%),40,1.6730,4460,249,
249,23157 (75%),64,2.2917,7429,249,
250,3890 (12.5%),13,0.8130,1247,250,
250,7781 (25%),21,1.1563,2237,250,
250,15562 (50%),41,1.5228,4398,250,
250,23343 (75%),65,2.3022,7397,250,
251,3921 (12.5%),13,0.6082,1253,251,
251,7843 (25%),22,0.8602,2247,251,
251,15687 (50%),40,1.5802,4458,251,
251,23531 (75%),64,2.3077,7401,251,
252,3953 (12.5%),13,0.5584,1220,252,
252,7906 (25%),21,0.9234,2292,252,
252,15813 (50%),40,2.1882,4379,252,
252,23719 (75%),67,2.3348,7832,252,
253,3984 (12.5%),14,0.5658,1270,253,
253,7969 (25%),21,1.1280,2247,253,
253,15939 (50%),40,1.6141,4587,253,
253,23908 (75%),66,2.3570,7807,253,
254,4016 (12.5%),13,0.5963,1271,254,
254,8032 (25%),22,0.8836,2295,254,
254,16065 (50%),41,1.6794,4576,254,
254,24098 (75%),67,2.4107,7620,254,
255,4048 (12.5%),13,0.6394,1242,255,
255,8096 (25%),22,0.9212,2366,255,
255,16192 (50%),42,1.6694,4709,255,
255,24288 (75%),65,2.4502,7642,255,
256,4080 (12.5%),13,0.7000,1286,256,
256,8160 (25%),23,1.0395,2347,256,
256,16320 (50%),42,1.6155,4654,256,
256,24480 (75%),66,2.4452,7744,256,
257,4112 (12.5%),13,0.7939,1284,257,
257,8224 (25%),22,0.9186,2252,257,
257,16448 (50%),41,1.6608,4579,257,
257,24672 (75%),67,2.4047,7928,257,
258,4144 (12.5%),13,0.5648,1322,258,
258,8288 (25%),22,1.0052,2384,258,
258,16576 (50%),41,1.7023,4720,258,
258,24864 (75%),68,2.5365,7882,258,
259,4176 (12.5%),14,0.5679,1389,259,
259,8352 (25%),21,0.9439,2345,259,
259,16705 (50%),40,1.6737,4662,259,
259,25058 (75%),68,2.5516,7960,259,
260,4208 (12.5%),14,0.6733,1331,260,
260,8417 (25%),22,0.9558,2388,260,
260,16835 (50%),42,1.7021,4801,260,
260,25252 (75%),68,2.5403,8061,260,
261,4241 (12.5%),14,0.6034,1387,261,
261,8482 (25%),22,0.9239,2397,261,
261,16965 (50%),40,1.7247,4733,261,
261,25447 (75%),68,2.6271,8203,261,
262,4273 (12.5%),13,0.6166,1325,262,
262,8547 (25%),23,0.9596,2482,262,
262,17095 (50%),41,2.1069,4567,262,
262,25643 (75%),66,2.5606,7981,262,
263,4306 (12.5%),13,0.6473,1429,263,
263,8613 (25%),23,0.9787,2380,263,
263,17226 (50%),43,1.6825,4923,263,
263,25839 (75%),70,2.6855,8213,263,
264,4339 (12.5%),14,0.6094,1402,264,
264,8679 (25%),23,0.9708,2462,264,
264,17358 (50%),42,1.7464,4975,264,
264,26037 (75%),70,2.6062,8378,264,
265,4372 (12.5%),13,0.6075,1349,265,
265,8745 (25%),21,0.9654,2407,265,
265,17490 (50%),41,2.1336,4910,265,
265,26235 (75%),73,2.5723,8876,265,
266,4405 (12.5%),13,0.7157,1378,266,
266,8811 (25%),22,0.9720,2406,266,
266,17622 (50%),43,1.8201,4855,266,
266,26433 (75%),71,2.6376,8642,266,
267,4438 (12.5%),14,0.6044,1397,267,
267,8877 (25%),23,1.0591,2405,267,
267,17755 (50%),41,1.8914,4872,267,
267,26633 (75%),69,2.7316,8390,267,
268,4472 (12.5%),14,0.6430,1461,268,
268,8944 (25%),22,1.0469,2486,268,
268,17889 (50%),42,1.9584,5090,268,
268,26833 (75%),70,2.9154,8669,268,
269,4505 (12.5%),13,0.7789,1416,269,
269,9011 (25%),22,1.0579,2602,269,
269,18023 (50%),42,1.8749,5041,269,
269,27034 (75%),71,2.9204,8942,269,
270,4539 (12.5%),14,0.8752,1443,270,
270,9078 (25%),23,1.0362,2636,270,
270,18157 (50%),42,1.9526,5144,270,
270,27236 (75%),70,2.7981,8698,270,
271,4573 (12.5%),14,0.6256,1438,271,
271,9146 (25%),23,1.0664,2525,271,
271,18292 (50%),42,1.8358,5100,271,
271,27438 (75%),73,2.7797,9010,271,
272,4607 (12.5%),14,0.7672,1489,272,
272,9214 (25%),23,1.0626,2707,272,
272,18428 (50%),43,2.0032,5041,272,
272,27642 (75%),73,3.3801,8853,272,
273,4641 (12.5%),15,0.6423,1510,273,
273,9282 (25%),24,1.0302,2683,273,
273,18564 (50%),43,1.9519,5237,273,
273,27846 (75%),70,2.7928,8759,273,
274,4675 (12.5%),14,0.6816,1482,274,
274,9350 (25%),23,1.1318,2632,274,
274,18700 (50%),42,2.2399,5104,274,
274,28050 (75%),72,2.9418,9075,274,
275,4709 (12.5%),14,0.7644,1473,275,
275,9418 (25%),23,1.0431,2727,275,
275,18837 (50%),44,2.2895,5338,275,
275,28256 (75%),72,2.8601,8991,275,
276,4743 (12.5%),15,0.7470,1586,276,
276,9487 (25%),24,1.0521,2705,276,
276,18975 (50%),42,1.9600,5155,276,
276,28462 (75%),72,2.9387,9218,276,
277,4778 (12.5%),14,0.7191,1471,277,
277,9556 (25%),24,1.1113,2726,277,
277,19113 (50%),43,2.1372,5225,277,
277,28669 (75%),72,2.8961,9335,277,
278,4812 (12.5%),14,0.7703,1476,278,
278,9625 (25%),23,1.0796,2635,278,
278,19251 (50%),44,1.9584,5435,278,
278,28877 (75%),73,2.9609,9396,278,
279,4847 (12.5%),14,0.6585,1524,279,
279,9695 (25%),24,1.1909,2680,279,
279,19390 (50%),43,2.0525,5220,279,
279,29085 (75%),73,3.2287,9137,279,
280,4882 (12.5%),14,0.7832,1516,280,
280,9765 (25%),23,1.1201,2781,280,
280,19530 (50%),44,2.1079,5330,280,
280,29295 (75%),72,3.0668,9345,280,
281,4917 (12.5%),15,0.7045,1592,281,
281,9835 (25%),25,1.2212,2826,281,
281,19670 (50%),45,2.1670,5566,281,
281,29505 (75%),71,3.1219,9193,281,
282,4952 (12.5%),14,0.9592,1542,282,
282,9905 (25%),24,1.1885,2870,282,
282,19810 (50%),43,2.1260,5285,282,
282,29715 (75%),73,3.0761,9540,282,
283,4987 (12.5%),14,0.8879,1613,283,
283,9975 (25%),24,1.1349,2764,283,
283,19951 (50%),45,2.2867,5506,283,
283,29927 (75%),72,3.2587,9451,283,
284,5023 (12.5%),15,0.7529,1628,284,
284,10046 (25%),25,1.1652,2794,284,
284,20093 (50%),43,2.1694,5394,284,
284,30139 (75%),73,3.1440,9424,284,
285,5058 (12.5%),14,0.8337,1579,285,
285,10117 (25%),24,1.2081,2909,285,
285,20235 (50%),45,2.2700,5612,285,
285,30352 (75%),73,3.2165,9550,285,
286,5094 (12.5%),14,0.7725,1580,286,
286,10188 (25%),24,1.2326,2701,286,
286,20377 (50%),43,2.0955,5583,286,
286,30566 (75%),75,3.2098,9831,286,
287,5130 (12.5%),15,0.9079,1575,287,
287,10260 (25%),24,1.1766,2924,287,
287,20520 (50%),45,2.2268,5628,287,
287,30780 (75%),75,3.2094,9741,287,
288,5166 (12.5%),14,0.8261,1645,288,
288,10332 (25%),23,1.2431,2752,288,
288,20664 (50%),45,2.2352,5709,288,
288,30996 (75%),76,3.2296,9909,288,
289,5202 (12.5%),14,0.8333,1668,289,
289,10404 (25%),24,1.2705,2890,289,
289,20808 (50%),46,2.1615,5814,289,
289,31212 (75%),75,3.2196,10085,289,
290,5238 (12.5%),15,0.8588,1622,290,
290,10476 (25%),23,1.2686,2894,290,
290,20952 (50%),44,2.3053,5592,290,
290,31428 (75%),73,3.2644,9632,290,
291,5274 (12.5%),15,0.8719,1560,291,
291,10548 (25%),25,1.2088,2973,291,
291,21097 (50%),45,2.2504,5587,291,
291,31646 (75%),74,3.3197,9925,291,
292,5310 (12.5%),15,0.8206,1639,292,
292,10621 (25%),25,1.3247,3086,292,
292,21243 (50%),45,2.3127,5799,292,
292,31864 (75%),78,3.4275,10283,292,
293,5347 (12.5%),14,0.9305,1590,293,
293,10694 (25%),25,1.2219,2948,293,
293,21389 (50%),45,2.3298,5780,293,
293,32083 (75%),74,3.4182,10155,293,
294,5383 (12.5%),15,1.1792,1666,294,
294,10767 (25%),24,3.0389,2914,294,
294,21535 (50%),46,2.3990,6030,294,
294,32303 (75%),74,3.4797,10111,294,
295,5420 (12.5%),15,0.8707,1741,295,
295,10841 (25%),24,1.2496,3056,295,
295,21682 (50%),47,2.3723,6052,295,
295,32523 (75%),76,3.5496,10458,295,
296,5457 (12.5%),15,0.9632,1703,296,
296,10915 (25%),25,1.2805,3104,296,
296,21830 (50%),48,2.4126,6088,296,
296,32745 (75%),77,3.5055,10438,296,
297,5494 (12.5%),14,0.8786,1667,297,
297,10989 (25%),24,1.3011,3015,297,
297,21978 (50%),45,2.4097,5840,297,
297,32967 (75%),76,3.3789,10441,297,
298,5531 (12.5%),14,0.7873,1706,298,
298,11063 (25%),25,1.3680,3025,298,
298,22126 (50%),46,2.4071,6219,298,
298,33189 (75%),77,3.8078,10507,298,
299,5568 (12.5%),14,0.8304,1661,299,
299,11137 (25%),24,1.3373,3054,299,
299,22275 (50%),45,2.4161,5875,299,
299,33413 (75%),76,3.4406,10558,299,
300,5606 (12.5%),14,0.8740,1705,300,
300,11212 (25%),25,1.2956,3170,300,
300,22425 (50%),47,2.3808,6270,300,
300,33637 (75%),75,3.5596,10235,300,
301,5643 (12.5%),15,0.7889,1745,301,
301,11287 (25%),25,1.3821,3103,301,
301,22575 (50%),48,2.4784,6277,301,
301,33862 (75%),75,3.6414,10497,301,
302,5681 (12.5%),15,0.8578,1807,302,
302,11362 (25%),25,1.4000,3053,302,
302,22725 (50%),49,2.4438,6359,302,
302,34088 (75%),77,3.5417,10906,302,
303,5719 (12.5%),15,0.9840,1784,303,
303,11438 (25%),26,1.2891,3080,303,
303,22876 (50%),45,2.3847,6150,303,
303,34314 (75%),76,3.8297,10716,303,
304,5757 (12.5%),14,0.9229,1659,304,
304,11514 (25%),25,1.4451,3129,304,
304,23028 (50%),47,2.5129,6384,304,
304,34542 (75%),77,4.0452,10928,304,
305,5795 (12.5%),15,0.8864,1746,305,
305,11590 (25%),25,1.3218,3201,305,
305,23180 (50%),47,2.4915,6431,305,
305,34770 (75%),79,3.7291,11199,305,
306,5833 (12.5%),15,0.8025,1715,306,
306,11666 (25%),25,1.4060,3205,306,
306,23332 (50%),48,2.5196,6301,306,
306,34998 (75%),81,3.9573,11145,306,
307,5871 (12.5%),16,0.8256,1827,307,
307,11742 (25%),26,1.4527,3242,307,
307,23485 (50%),46,2.5454,6247,307,
307,35228 (75%),78,4.2818,11188,307,
308,5909 (12.5%),15,0.8860,1746,308,
308,11819 (25%),25,1.3826,3231,308,
308,23639 (50%),47,2.6512,6392,308,
308,35458 (75%),78,3.7010,10961,308,
309,5948 (12.5%),15,0.9127,1734,309,
309,11896 (25%),26,1.4558,3281,309,
309,23793 (50%),48,2.6181,6432,309,
309,35689 (75%),80,3.7434,11163,309,
310,5986 (12.5%),15,0.8171,1781,310,
310,11973 (25%),25,1.4510,3277,310,
310,23947 (50%),48,2.6126,6463,310,
310,35921 (75%),79,3.7251,11359,310,
311,6025 (12.5%),16,0.8297,1878,311,
311,12051 (25%),25,1.4887,3193,311,
311,24102 (50%),46,2.6424,6278,311,
311,36153 (75%),79,3.8443,11505,311,
312,6064 (12.5%),15,0.8740,1830,312,
312,12129 (25%),25,1.4019,3283,312,
312,24258 (50%),46,2.6817,6440,312,
312,36387 (75%),80,3.9306,11461,312,
313,6103 (12.5%),16,0.9029,1834,313,
313,12207 (25%),26,1.5337,3305,313,
313,24414 (50%),47,2.7666,6743,313,
313,36621 (75%),83,3.8519,11942,313,
314,6142 (12.5%),15,0.8359,1883,314,
314,12285 (25%),25,1.4582,3267,314,
314,24570 (50%),48,2.7041,6694,314,
314,36855 (75%),78,3.9282,11394,314,
315,6181 (12.5%),15,0.8366,1821,315,
315,12363 (25%),27,1.4663,3539,315,
315,24727 (50%),47,2.7199,6635,315,
315,37091 (75%),80,3.9496,11765,315,
316,6221 (12.5%),16,0.8414,1879,316,
316,12442 (25%),25,1.5242,3517,316,
316,24885 (50%),51,2.7518,6994,316,
316,37327 (75%),78,4.1692,11347,316,
317,6260 (12.5%),15,0.8798,1947,317,
317,12521 (25%),25,1.4703,3360,317,
317,25043 (50%),48,2.7714,6645,317,
317,37564 (75%),81,3.9899,11710,317,
318,6300 (12.5%),15,0.9706,1840,318,
318,12600 (25%),27,1.6060,3416,318,
318,25201 (50%),47,2.7966,6658,318,
318,37802 (75%),82,4.0908,12125,318,
319,6340 (12.5%),15,0.8497,1895,319,
319,12680 (25%),25,1.4870,3513,319,
319,25360 (50%),49,2.8133,6969,319,
319,38040 (75%),80,4.0967,11619,319,
320,6380 (12.5%),15,0.9222,1977,320,
320,12760 (25%),26,1.5366,3495,320,
320,25520 (50%),49,2.8768,6824,320,
320,38280 (75%),81,4.1206,12178,320,
321,6420 (12.5%),15,0.8976,1940,321,
321,12840 (25%),26,1.4954,3516,321,
321,25680 (50%),49,2.8822,7044,321,
321,38520 (75%),79,4.1134,11855,321,
322,6460 (12.5%),16,0.9491,1945,322,
322,12920 (25%),25,1.5852,3556,322,
322,25840 (50%),50,2.8415,7193,322,
322,38760 (75%),80,4.2758,11810,322,
323,6500 (12.5%),16,0.8907,1951,323,
323,13000 (25%),27,1.6358,3517,323,
323,26001 (50%),50,2.9213,7101,323,
323,39002 (75%),82,4.3714,12310,323,
324,6540 (12.5%),16,0.8762,1939,324,
324,13081 (25%),27,1.5485,3650,324,
324,26163 (50%),50,2.8243,6959,324,
324,39244 (75%),82,4.3166,12209,324,
325,6581 (12.5%),15,0.8988,1957,325,
325,13162 (25%),26,1.5690,3604,325,
325,26325 (50%),49,2.9020,7116,325,
325,39487 (75%),80,4.3702,11962,325,
326,6621 (12.5%),17,0.9081,1955,326,
326,13243 (25%),25,1.5383,3529,326,
326,26487 (50%),50,2.9056,7361,326,
326,39731 (75%),81,4.3097,12313,326,
327,6662 (12.5%),16,0.9012,1929,327,
327,13325 (25%),26,1.5526,3541,327,
327,26650 (50%),49,2.9092,6914,327,
327,39975 (75%),84,4.2846,12328,327,
328,6703 (12.5%),16,0.9010,2039,328,
328,13407 (25%),27,1.5678,3591,328,
328,26814 (50%),49,3.1259,7400,328,
328,40221 (75%),85,4.5393,12850,328,
329,6744 (12.5%),17,0.9477,1996,329,
329,13489 (25%),27,1.6439,3606,329,
329,26978 (50%),50,3.0508,7292,329,
329,40467 (75%),82,4.2481,12300,329,
330,6785 (12.5%),16,0.9179,2043,330,
330,13571 (25%),26,1.5924,3708,330,
330,27142 (50%),50,2.9795,7150,330,
330,40713 (75%),83,4.3893,12655,330,
331,6826 (12.5%),16,0.8948,2022,331,
331,13653 (25%),27,1.6408,3593,331,
331,27307 (50%),51,3.0501,7329,331,
331,40961 (75%),84,4.4427,12691,331,
332,6868 (12.5%),15,0.9611,1993,332,
332,13736 (25%),27,1.6131,3727,332,
332,27473 (50%),49,3.0391,7231,332,
332,41209 (75%),85,4.4596,13224,332,
333,6909 (12.5%),16,0.9143,2105,333,
333,13819 (25%),28,1.7369,3803,333,
333,27639 (50%),50,2.9862,7529,333,
333,41458 (75%),86,4.4329,13092,333,
334,6951 (12.5%),16,0.9418,2160,334,
334,13902 (25%),27,1.8024,3683,334,
334,27805 (50%),51,3.0735,7349,334,
334,41708 (75%),83,4.5404,12729,334,
335,6993 (12.5%),16,1.0569,2055,335,
335,13986 (25%),28,1.8127,3864,335,
335,27972 (50%),54,3.0737,7985,335,
335,41958 (75%),86,4.5538,13116,335,
336,7035 (12.5%),17,0.9563,2178,336,
336,14070 (25%),27,1.8055,3897,336,
336,28140 (50%),50,3.0804,7433,336,
336,42210 (75%),85,4.6334,12987,336,
337,7077 (12.5%),16,0.9410,2104,337,
337,14154 (25%),27,1.7309,3797,337,
337,28308 (50%),50,3.2971,7652,337,
337,42462 (75%),83,4.6008,13105,337,
338,7119 (12.5%),17,1.0083,2238,338,
338,14238 (25%),27,1.6520,4095,338,
338,28476 (50%),52,3.2089,7550,338,
338,42714 (75%),84,4.6327,13234,338,
339,7161 (12.5%),16,0.9539,2101,339,
339,14322 (25%),27,1.6980,3853,339,
339,28645 (50%),50,3.1226,7370,339,
339,42968 (75%),86,4.7469,13797,339,
340,7203 (12.5%),16,0.9551,2098,340,
340,14407 (25%),27,1.6904,3801,340,
340,28815 (50%),51,3.1390,7666,340,
340,43222 (75%),80,4.7503,12785,340,
341,7246 (12.5%),16,1.0185,2201,341,
341,14492 (25%),27,1.7881,4010,341,
341,28985 (50%),52,3.3212,7774,341,
341,43477 (75%),84,4.8554,13149,341,
342,7288 (12.5%),17,0.9754,2169,342,
342,14577 (25%),27,1.8380,3865,342,
342,29155 (50%),52,3.2101,7737,342,
342,43733 (75%),85,4.7610,13303,342,
343,7331 (12.5%),16,0.9837,2107,343,
343,14663 (25%),27,1.7955,3975,343,
343,29326 (50%),52,3.2892,7809,343,
343,43989 (75%),86,4.7886,13480,343,
344,7374 (12.5%),17,1.0657,2208,344,
344,14749 (25%),27,1.8334,3875,344,
344,29498 (50%),52,3.2096,7751,344,
344,44247 (75%),84,4.7879,13534,344,
345,7417 (12.5%),17,1.0986,2199,345,
345,14835 (25%),28,1.8137,4001,345,
345,29670 (50%),53,3.2499,8088,345,
345,44505 (75%),86,5.0716,14124,345,
346,7460 (12.5%),16,0.9756,2160,346,
346,14921 (25%),28,1.8191,3954,346,
346,29842 (50%),51,3.2783,7891,346,
346,44763 (75%),86,4.8826,13652,346,
347,7503 (12.5%),16,1.1384,2169,347,
347,15007 (25%),26,1.8294,3952,347,
347,30015 (50%),51,3.3205,7957,347,
347,45023 (75%),86,4.9171,13862,347,
348,7547 (12.5%),17,0.9696,2204,348,
348,15094 (25%),28,1.9424,4191,348,
348,30189 (50%),53,3.3605,8101,348,
348,45283 (75%),86,4.9317,13620,348,
349,7590 (12.5%),16,1.0004,2157,349,
349,15181 (25%),28,1.8821,4105,349,
349,30363 (50%),52,3.3810,7936,349,
349,45544 (75%),89,4.9620,14305,349,
350,7634 (12.5%),16,1.1497,2232,350,
350,15268 (25%),28,1.8351,4278,350,
350,30537 (50%),52,3.6449,8156,350,
350,45806 (75%),87,5.0652,14041,350,
351,7678 (12.5%),17,1.0793,2278,351,
351,15356 (25%),27,1.8640,4152,351,
351,30712 (50%),52,3.4642,8104,351,
351,46068 (75%),90,5.0418,14193,351,
352,7722 (12.5%),17,1.0498,2318,352,
352,15444 (25%),29,1.7962,4304,352,
352,30888 (50%),53,3.4313,8186,352,
352,46332 (75%),86,4.9970,13924,352,
353,7766 (12.5%),16,1.4498,2318,353,
353,15532 (25%),28,1.9538,4091,353,
353,31064 (50%),52,3.4316,8140,353,
353,46596 (75%),89,5.1501,14100,353,
354,7810 (12.5%),17,1.0369,2324,354,
354,15620 (25%),27,1.8971,4091,354,
354,31240 (50%),54,3.4263,8479,354,
354,46860 (75%),87,5.1408,14400,354,
355,7854 (12.5%),16,1.0996,2198,355,
355,15708 (25%),27,1.9455,4073,355,
355,31417 (50%),54,3.5038,8594,355,
355,47126 (75%),88,5.1444,14164,355,
356,7898 (12.5%),17,1.1520,2276,356,
356,15797 (25%),28,1.9059,4241,356,
356,31595 (50%),53,3.4451,8340,356,
356,47392 (75%),90,5.2645,14722,356,
357,7943 (12.5%),16,1.0412,2334,357,
357,15886 (25%),28,1.9460,4192,357,
357,31773 (50%),53,3.6044,8414,357,
357,47659 (75%),87,5.1944,14701,357,
358,7987 (12.5%),16,1.3962,2332,358,
358,15975 (25%),29,1.8458,4176,358,
358,31951 (50%),54,3.4328,8639,358,
358,47927 (75%),87,5.2350,14114,358,
359,8032 (12.5%),16,1.1110,2280,359,
359,16065 (25%),29,1.9608,4339,359,
359,32130 (50%),53,3.5286,8255,359,
359,48195 (75%),88,5.2340,14711,359,
360,8077 (12.5%),16,1.1213,2330,360,
360,16155 (25%),29,1.9572,4376,360,
360,32310 (50%),53,3.7575,8736,360,
360,48465 (75%),89,5.3670,14974,360,
361,8122 (12.5%),17,1.1082,2430,361,
361,16245 (25%),28,1.9464,4266,361,
361,32490 (50%),54,3.8366,8726,361,
361,48735 (75%),89,5.3866,14940,361,
362,8167 (12.5%),17,1.1575,2417,362,
362,16335 (25%),30,2.1036,4454,362,
362,32670 (50%),56,3.6085,8983,362,
362,49005 (75%),90,5.3680,15011,362,
363,8212 (12.5%),17,1.1342,2433,363,
363,16425 (25%),29,2.0313,4363,363,
363,32851 (50%),53,3.6190,8707,363,
363,49277 (75%),90,5.4874,15045,363,
364,8258 (12.5%),17,1.1215,2401,364,
364,16516 (25%),28,1.9910,4325,364,
364,33033 (50%),55,3.6702,9080,364,
364,49549 (75%),87,5.3537,14648,364,
365,8303 (12.5%),17,1.1098,2399,365,
365,16607 (25%),28,2.0263,4440,365,
365,33215 (50%),53,3.6786,8550,365,
365,49822 (75%),90,5.5244,15250,365,
366,8349 (12.5%),18,1.1151,2547,366,
366,16698 (25%),29,2.3901,4265,366,
366,33397 (50%),54,3.7124,8855,366,
366,50096 (75%),93,5.5740,15697,366,
367,8395 (12.5%),17,1.1568,2441,367,
367,16790 (25%),29,2.0294,4459,367,
367,33580 (50%),54,3.6421,8775,367,
367,50370 (75%),92,5.4667,15442,367,
368,8441 (12.5%),17,1.0972,2367,368,
368,16882 (25%),29,1.9865,4369,368,
368,33764 (50%),56,3.7801,9210,368,
368,50646 (75%),90,5.6000,15541,368,
369,8487 (12.5%),16,1.2481,2345,369,
369,16974 (25%),28,2.0607,4506,369,
369,33948 (50%),55,3.7394,9077,369,
369,50922 (75%),90,5.6043,15245,369,
370,8533 (12.5%),16,1.1380,2322,370,
370,17066 (25%),29,2.1136,4604,370,
370,34132 (50%),56,3.8559,9244,370,
370,51198 (75%),92,5.7898,15433,370,
371,8579 (12.5%),17,1.1842,2540,371,
371,17158 (25%),29,2.1191,4537,371,
371,34317 (50%),54,3.7773,9088,371,
371,51476 (75%),92,5.8804,15524,371,
372,8625 (12.5%),18,1.1230,2545,372,
372,17251 (25%),28,2.1102,4562,372,
372,34503 (50%),53,3.9268,8898,372,
372,51754 (75%),92,5.7380,15506,372,
373,8672 (12.5%),17,1.2214,2509,373,
373,17344 (25%),29,2.0514,4460,373,
373,34689 (50%),56,4.0433,9246,373,
373,52033 (75%),91,5.5974,15675,373,
374,8718 (12.5%),17,1.1227,2501,374,
374,17437 (25%),29,2.2757,4663,374,
374,34875 (50%),55,3.9666,9178,374,
374,52313 (75%),92,5.8286,16092,374,
375,8765 (12.5%),17,1.1518,2534,375,
375,17531 (25%),30,2.3963,4652,375,
375,35062 (50%),55,3.8996,9192,375,
375,52593 (75%),93,5.8579,15714,375,
376,8812 (12.5%),17,1.1504,2502,376,
376,17625 (25%),30,2.1369,4851,376,
376,35250 (50%),57,3.9935,9640,376,
376,52875 (75%),92,5.9013,15796,376,
377,8859 (12.5%),18,1.1830,2560,377,
377,17719 (25%),29,2.3446,4625,377,
377,35438 (50%),54,3.9632,9049,377,
377,53157 (75%),93,5.9168,16305,377,
378,8906 (12.5%),17,1.2562,2595,378,
378,17813 (25%),29,2.1718,4569,378,
378,35626 (50%),55,3.9740,9176,378,
378,53439 (75%),91,5.8930,16181,378,
379,8953 (12.5%),17,1.1909,2565,379,
379,17907 (25%),30,2.2676,4676,379,
379,35815 (50%),56,4.0183,9215,379,
379,53723 (75%),96,5.9743,16801,379,
380,9001 (12.5%),18,1.2434,2551,380,
380,18002 (25%),30,2.3954,4848,380,
380,36005 (50%),55,4.0672,9391,380,
380,54007 (75%),93,5.9631,16473,380,
381,9048 (12.5%),17,1.2298,2639,381,
381,18097 (25%),29,2.1636,4621,381,
381,36195 (50%),57,4.3125,9741,381,
381,54292 (75%),93,6.3727,16343,381,
382,9096 (12.5%),17,1.2159,2644,382,
382,18192 (25%),29,2.2166,4798,382,
382,36385 (50%),57,4.2782,9792,382,
382,54578 (75%),93,6.0329,16236,382,
383,9144 (12.5%),18,1.2524,2680,383,
383,18288 (25%),29,2.4493,4667,383,
383,36576 (50%),56,4.1637,9755,383,
383,54864 (75%),91,6.0613,16266,383,
384,9192 (12.5%),17,1.2152,2662,384,
384,18384 (25%),30,2.2347,4882,384,
384,36768 (50%),56,4.0858,9684,384,
384,55152 (75%),93,6.1860,16529,384,
385,9240 (12.5%),19,1.2338,2751,385,
385,18480 (25%),30,2.3003,4839,385,
385,36960 (50%),57,4.1730,9629,385,
385,55440 (75%),94,6.1049,16433,385,
386,9288 (12.5%),18,1.3740,2654,386,
386,18576 (25%),30,2.2471,4933,386,
386,37152 (50%),56,4.4713,9707,386,
386,55728 (75%),95,6.2029,16796,386,
387,9336 (12.5%),18,1.2617,2725,387,
387,18672 (25%),29,2.2838,4838,387,
387,37345 (50%),57,4.3602,9841,387,
387,56018 (75%),97,6.2830,17202,387,
388,9384 (12.5%),18,1.2364,2699,388,
388,18769 (25%),31,2.2547,4844,388,
388,37539 (50%),58,4.3297,10019,388,
388,56308 (75%),96,6.3214,17204,388,
389,9433 (12.5%),17,1.2443,2607,389,
389,18866 (25%),30,2.4266,5028,389,
389,37733 (50%),58,4.3101,10347,389,
389,56599 (75%),97,6.5050,17225,389,
390,9481 (12.5%),18,1.3578,2623,390,
390,18963 (25%),29,2.3129,4819,390,
390,37927 (50%),58,4.3733,10042,390,
390,56891 (75%),94,6.7551,16904,390,
391,9530 (12.5%),17,1.3416,2730,391,
391,19061 (25%),30,2.4309,5109,391,
391,38122 (50%),56,4.4611,9921,391,
391,57183 (75%),96,6.7976,17159,391,
392,9579 (12.5%),18,1.2860,2782,392,
392,19159 (25%),29,2.4679,4836,392,
392,38318 (50%),56,4.2567,9808,392,
392,57477 (75%),96,6.3624,17206,392,
393,9628 (12.5%),18,1.2734,2816,393,
393,19257 (25%),31,2.3401,5026,393,
393,38514 (50%),59,4.7212,10228,393,
393,57771 (75%),99,6.4471,17787,393,
394,9677 (12.5%),17,1.2801,2854,394,
394,19355 (25%),30,2.3971,5093,394,
394,38710 (50%),58,4.5419,10038,394,
394,58065 (75%),97,6.4781,17089,394,
395,9726 (12.5%),19,1.3340,2812,395,
395,19453 (25%),30,2.8896,4956,395,
395,38907 (50%),57,4.9751,10001,395,
395,58361 (75%),98,6.4898,17719,395,
396,9776 (12.5%),18,1.2851,2831,396,
396,19552 (25%),30,2.4319,5081,396,
396,39105 (50%),59,4.2810,9964,396,
396,58657 (75%),98,6.7167,18049,396,
397,9825 (12.5%),18,1.2975,2816,397,
397,19651 (25%),30,2.4271,5129,397,
397,39303 (50%),58,4.3967,10160,397,
397,58954 (75%),100,6.6156,18141,397,
398,9875 (12.5%),18,1.3011,2737,398,
398,19750 (25%),31,2.4190,5173,398,
398,39501 (50%),59,4.6537,10402,398,
398,59252 (75%),97,6.6433,17963,398,
399,9925 (12.5%),18,1.3318,2892,399,
399,19850 (25%),29,2.4443,5093,399,
399,39700 (50%),60,4.9250,10728,399,
399,59550 (75%),101,6.7437,18189,399,
400,9975 (12.5%),18,1.3738,2798,400,
400,19950 (25%),30,2.6929,5311,400,
400,39900 (50%),57,4.6406,10277,400,
400,59850 (75%),97,6.7072,18100,400,
401,10025 (12.5%),17,1.4198,2810,401,
401,20050 (25%),30,2.5272,5192,401,
401,40100 (50%),58,4.5519,10217,401,
401,60150 (75%),99,6.6850,18284,401,
402,10075 (12.5%),19,1.4484,2975,402,
402,20150 (25%),31,2.4872,5459,402,
402,40300 (50%),59,4.5462,10524,402,
402,60450 (75%),100,6.9785,18762,402,
403,10125 (12.5%),19,1.3430,2849,403,
403,20250 (25%),31,2.5322,5221,403,
403,40501 (50%),58,4.6127,10815,403,
403,60752 (75%),97,6.7647,18101,403,
404,10175 (12.5%),18,1.4222,2897,404,
404,20351 (25%),30,2.5327,5335,404,
404,40703 (50%),60,4.8649,10672,404,
404,61054 (75%),102,6.8972,18887,404,
405,10226 (12.5%),18,1.4620,2865,405,
405,20452 (25%),31,2.5349,5217,405,
405,40905 (50%),58,4.6322,10524,405,
405,61357 (75%),98,6.8254,18222,405,
406,10276 (12.5%),18,1.3378,2911,406,
406,20553 (25%),32,2.5620,5450,406,
406,41107 (50%),57,4.5817,10291,406,
406,61661 (75%),101,7.1673,18795,406,
407,10327 (12.5%),18,1.3783,2902,407,
407,20655 (25%),31,2.4981,5429,407,
407,41310 (50%),58,5.1146,10637,407,
407,61965 (75%),98,7.3380,18202,407,
408,10378 (12.5%),18,1.6782,2919,408,
408,20757 (25%),31,2.4834,5336,408,
408,41514 (50%),58,4.6318,10830,408,
408,62271 (75%),100,7.0055,18654,408,
409,10429 (12.5%),18,1.4489,2980,409,
409,20859 (25%),32,2.6290,5529,409,
409,41718 (50%),59,4.6895,10699,409,
409,62577 (75%),102,7.0174,19080,409,
410,10480 (12.5%),17,1.4219,2816,410,
410,20961 (25%),32,2.5864,5518,410,
410,41922 (50%),58,5.0778,10700,410,
410,62883 (75%),98,7.3435,18650,410,
411,10531 (12.5%),18,1.4741,3015,411,
411,21063 (25%),31,2.5461,5372,411,
411,42127 (50%),60,4.8323,11214,411,
411,63191 (75%),96,7.0648,18511,411,
412,10583 (12.5%),20,1.3890,3023,412,
412,21166 (25%),31,2.5802,5306,412,
412,42333 (50%),61,4.7615,11105,412,
412,63499 (75%),98,7.2479,18465,412,
413,10634 (12.5%),19,1.4668,2966,413,
413,21269 (25%),31,2.6109,5448,413,
413,42539 (50%),60,5.0602,11008,413,
413,63808 (75%),97,7.2455,18665,413,
414,10686 (12.5%),18,1.3962,2889,414,
414,21372 (25%),31,2.6696,5539,414,
414,42745 (50%),60,4.8459,11089,414,
414,64118 (75%),98,7.1564,18758,414,
415,10738 (12.5%),19,1.4086,3130,415,
415,21476 (25%),32,2.6546,5394,415,
415,42952 (50%),60,4.9722,11159,415,
415,64428 (75%),101,7.5092,19359,415,
416,10790 (12.5%),18,1.5371,2992,416,
416,21580 (25%),31,2.7249,5661,416,
416,43160 (50%),61,5.2953,11218,416,
416,64740 (75%),102,7.7810,19686,416,
417,10842 (12.5%),19,1.4570,2995,417,
417,21684 (25%),30,2.6414,5461,417,
417,43368 (50%),60,4.9489,11147,417,
417,65052 (75%),101,7.6444,19452,417,
418,10894 (12.5%),19,1.4989,3124,418,
418,21788 (25%),31,2.6307,5567,418,
418,43576 (50%),62,5.0685,11455,418,
418,65364 (75%),102,7.2505,19710,418,
419,10946 (12.5%),19,1.7371,3189,419,
419,21892 (25%),31,2.6994,5500,419,
419,43785 (50%),61,5.6379,11016,419,
419,65678 (75%),103,7.9432,19617,419,
420,10998 (12.5%),18,1.4510,3042,420,
420,21997 (25%),32,2.6987,5739,420,
420,43995 (50%),62,5.0113,11156,420,
420,65992 (75%),100,7.3688,19676,420,
421,11051 (12.5%),18,1.5686,3151,421,
421,22102 (25%),31,2.7092,5715,421,
421,44205 (50%),61,4.9777,11287,421,
421,66307 (75%),103,7.8673,20002,421,
422,11103 (12.5%),19,1.6890,3071,422,
422,22207 (25%),32,2.6855,5721,422,
422,44415 (50%),61,5.2764,11341,422,
422,66623 (75%),100,7.9095,19573,422,
423,11156 (12.5%),18,1.6093,3143,423,
423,22313 (25%),32,2.7328,5590,423,
423,44626 (50%),60,5.2307,11645,423,
423,66939 (75%),102,7.6063,19799,423,
424,11209 (12.5%),18,1.5583,3142,424,
424,22419 (25%),32,2.8105,5794,424,
424,44838 (50%),62,5.2066,11550,424,
424,67257 (75%),104,7.6671,20531,424,
425,11262 (12.5%),19,1.6317,3248,425,
425,22525 (25%),32,2.7547,5908,425,
425,45050 (50%),63,5.2016,11682,425,
425,67575 (75%),102,8.0962,19839,425,
426,11315 (12.5%),19,1.5836,3250,426,
426,22631 (25%),31,2.7578,5681,426,
426,45262 (50%),63,5.0933,11683,426,
426,67893 (75%),104,7.5688,20079,426,
427,11368 (12.5%),20,1.5430,3258,427,
427,22737 (25%),32,2.8782,5773,427,
427,45475 (50%),62,5.0156,11744,427,
427,68213 (75%),105,7.8835,20733,427,
428,11422 (12.5%),19,1.4861,3220,428,
428,22844 (25%),32,2.9233,5862,428,
428,45689 (50%),63,5.8289,11637,428,
428,68533 (75%),107,8.6849,20884,428,
429,11475 (12.5%),20,1.6718,3279,429,
429,22951 (25%),32,2.8393,5838,429,
429,45903 (50%),61,5.1761,11885,429,
429,68854 (75%),102,8.3001,20185,429,
430,11529 (12.5%),19,1.5285,3293,430,
430,23058 (25%),33,2.8837,6066,430,
430,46117 (50%),61,5.3816,11902,430,
430,69176 (75%),103,8.1351,20583,430,
431,11583 (12.5%),19,1.5633,3244,431,
431,23166 (25%),32,2.9082,5951,431,
431,46332 (50%),63,5.3701,12276,431,
431,69498 (75%),105,8.2889,20405,431,
432,11637 (12.5%),19,1.6744,3293,432,
432,23274 (25%),34,2.8913,5965,432,
432,46548 (50%),61,5.5466,11697,432,
432,69822 (75%),108,8.0862,21236,432,
433,11691 (12.5%),20,1.7080,3301,433,
433,23382 (25%),33,2.9521,6016,433,
433,46764 (50%),62,5.2927,11936,433,
433,70146 (75%),106,8.1317,20596,433,
434,11745 (12.5%),19,1.7464,3279,434,
434,23490 (25%),32,2.9221,5822,434,
434,46980 (50%),60,5.3077,11623,434,
434,70470 (75%),104,8.0447,20985,434,
435,11799 (12.5%),20,1.5929,3383,435,
435,23598 (25%),32,2.8982,5951,435,
435,47197 (50%),62,5.4312,12117,435,
435,70796 (75%),106,8.0457,21132,435,
436,11853 (12.5%),18,1.5507,3256,436,
436,23707 (25%),33,2.9242,6134,436,
436,47415 (50%),62,5.2996,12155,436,
436,71122 (75%),104,8.0714,21120,436,
437,11908 (12.5%),19,1.5490,3271,437,
437,23816 (25%),32,2.9018,5941,437,
437,47633 (50%),63,5.4398,11969,437,
437,71449 (75%),105,8.3702,20718,437,
438,11962 (12.5%),19,1.6673,3319,438,
438,23925 (25%),33,2.9593,6048,438,
438,47851 (50%),63,5.3718,12196,438,
438,71777 (75%),105,8.1894,21063,438,
439,12017 (12.5%),19,1.8530,3412,439,
439,24035 (25%),33,3.0913,6258,439,
439,48070 (50%),64,5.9819,12213,439,
439,72105 (75%),105,8.4476,21384,439,
440,12072 (12.5%),21,1.7023,3459,440,
440,24145 (25%),32,3.0441,6200,440,
440,48290 (50%),64,5.7449,12295,440,
440,72435 (75%),107,8.2152,21285,440,
441,12127 (12.5%),19,1.6313,3489,441,
441,24255 (25%),33,3.0017,6217,441,
441,48510 (50%),62,5.5163,12378,441,
441,72765 (75%),108,8.6265,22019,441,
442,12182 (12.5%),19,1.6859,3386,442,
442,24365 (25%),34,2.9643,6225,442,
442,48730 (50%),64,5.5037,12613,442,
442,73095 (75%),104,8.2829,20883,442,
443,12237 (12.5%),19,1.7254,3408,443,
443,24475 (25%),32,3.0930,6189,443,
443,48951 (50%),63,5.7096,12533,443,
443,73427 (75%),108,8.7187,21705,443,
444,12293 (12.5%),19,1.8313,3461,444,
444,24586 (25%),34,3.1695,6402,444,
444,49173 (50%),63,5.6505,12555,444,
444,73759 (75%),105,8.3847,21169,444,
445,12348 (12.5%),20,1.7171,3499,445,
445,24697 (25%),32,3.0735,6212,445,
445,49395 (50%),65,5.6663,12845,445,
445,74092 (75%),108,8.3370,21842,445,
446,12404 (12.5%),20,1.7171,3383,446,
446,24808 (25%),32,3.2487,6302,446,
446,49617 (50%),63,5.5926,12360,446,
446,74426 (75%),110,8.6777,21940,446,
447,12460 (12.5%),20,1.7450,3616,447,
447,24920 (25%),34,3.1393,6376,447,
447,49840 (50%),64,5.6229,12928,447,
447,74760 (75%),109,8.6184,22730,447,
448,12516 (12.5%),19,1.6341,3386,448,
448,25032 (25%),34,3.0243,6273,448,
448,50064 (50%),64,5.8720,12594,448,
448,75096 (75%),105,8.6372,21999,448,
449,12572 (12.5%),19,1.6992,3475,449,
449,25144 (25%),34,3.0777,6552,449,
449,50288 (50%),65,5.7790,13313,449,
449,75432 (75%),107,9.1374,22477,449,
450,12628 (12.5%),20,1.9014,3581,450,
450,25256 (25%),33,3.1595,6286,450,
450,50512 (50%),65,5.8541,13164,450,
450,75768 (75%),109,8.6551,22500,450,
451,12684 (12.5%),19,1.7600,3396,451,
451,25368 (25%),35,3.2170,6726,451,
451,50737 (50%),66,5.8167,13128,451,
451,76106 (75%),107,8.6832,22966,451,
452,12740 (12.5%),20,1.6787,3683,452,
452,25481 (25%),33,3.1397,6274,452,
452,50963 (50%),64,5.8086,13197,452,
452,76444 (75%),108,9.1701,22418,452,
453,12797 (12.5%),19,1.9853,3496,453,
453,25594 (25%),35,3.1564,6515,453,
453,51189 (50%),62,5.6958,12688,453,
453,76783 (75%),108,8.6954,22619,453,
454,12853 (12.5%),20,1.8821,3533,454,
454,25707 (25%),33,3.2184,6613,454,
454,51415 (50%),65,5.8184,13530,454,
454,77123 (75%),107,8.9488,22745,454,
455,12910 (12.5%),20,1.6954,3507,455,
455,25821 (25%),34,3.3154,6586,455,
455,51642 (50%),65,5.8100,13023,455,
455,77463 (75%),109,9.3548,22810,455,
456,12967 (12.5%),20,1.7877,3721,456,
456,25935 (25%),34,3.2561,6548,456,
456,51870 (50%),67,5.8792,13367,456,
456,77805 (75%),106,9.2402,22042,456,
457,13024 (12.5%),20,1.7011,3628,457,
457,26049 (25%),34,3.2563,6432,457,
457,52098 (50%),65,6.0697,12882,457,
457,78147 (75%),108,9.1743,22578,457,
458,13081 (12.5%),19,1.6875,3587,458,
458,26163 (25%),35,3.2713,6676,458,
458,52326 (50%),64,5.9657,13300,458,
458,78489 (75%),111,10.3981,23093,458,
459,13138 (12.5%),20,1.9782,3590,459,
459,26277 (25%),35,3.2036,6730,459,
459,52555 (50%),65,6.3744,13479,459,
459,78833 (75%),110,9.4380,23329,459,
460,13196 (12.5%),19,1.8749,3498,460,
460,26392 (25%),34,3.2556,6683,460,
460,52785 (50%),64,6.0947,13232,460,
460,79177 (75%),109,9.3925,22948,460,
461,13253 (12.5%),20,1.8775,3601,461,
461,26507 (25%),34,3.2425,6609,461,
461,53015 (50%),67,6.1884,13724,461,
461,79522 (75%),109,9.1124,22611,461,
462,13311 (12.5%),20,2.2821,3573,462,
462,26622 (25%),34,3.2465,6672,462,
462,53245 (50%),65,6.0153,13567,462,
462,79868 (75%),113,9.2566,23808,462,
463,13369 (12.5%),19,1.8191,3618,463,
463,26738 (25%),35,3.4294,6829,463,
463,53476 (50%),65,6.0418,13598,463,
463,80214 (75%),112,9.3234,24110,463,
464,13427 (12.5%),20,1.8318,3748,464,
464,26854 (25%),36,3.3331,7014,464,
464,53708 (50%),66,6.0439,14010,464,
464,80562 (75%),109,9.6786,23393,464,
465,13485 (12.5%),20,1.8888,3633,465,
465,26970 (25%),35,3.2358,6946,465,
465,53940 (50%),66,6.0961,13326,465,
465,80910 (75%),107,9.2580,23107,465,
466,13543 (12.5%),20,1.9817,3797,466,
466,27086 (25%),34,3.3550,6717,466,
466,54172 (50%),66,6.7115,13775,466,
466,81258 (75%),112,9.8569,23626,466,
467,13601 (12.5%),20,2.0020,3804,467,
467,27202 (25%),34,3.4161,6790,467,
467,54405 (50%),65,6.4249,13489,467,
467,81608 (75%),112,9.3842,24118,467,
468,13659 (12.5%),20,2.1114,3690,468,
468,27319 (25%),35,3.3965,6998,468,
468,54639 (50%),65,6.3393,13769,468,
468,81958 (75%),109,9.5539,23760,468,
469,13718 (12.5%),20,1.8029,3790,469,
469,27436 (25%),34,3.4204,6983,469,
469,54873 (50%),67,6.6752,13975,469,
469,82309 (75%),110,9.6574,23665,469,
470,13776 (12.5%),20,1.9078,3747,470,
470,27553 (25%),35,3.4277,6941,470,
470,55107 (50%),68,6.3665,14054,470,
470,82661 (75%),111,9.9645,24483,470,
471,13835 (12.5%),20,2.0392,3819,471,
471,27671 (25%),35,3.4370,7042,471,
471,55342 (50%),66,8.3027,13776,471,
471,83013 (75%),112,9.8608,24349,471,
472,13894 (12.5%),19,1.8737,3723,472,
472,27789 (25%),35,4.0326,7162,472,
472,55578 (50%),66,6.4347,13863,472,
472,83367 (75%),108,9.6660,23865,472,
473,13953 (12.5%),19,1.9691,3759,473,
473,27907 (25%),35,3.6342,7076,473,
473,55814 (50%),66,6.6202,14132,473,
473,83721 (75%),112,10.0272,24452,473,
474,14012 (12.5%),19,1.9708,3816,474,
474,28025 (25%),34,3.4606,6928,474,
474,56050 (50%),67,6.4809,13968,474,
474,84075 (75%),112,9.7811,24529,474,
475,14071 (12.5%),21,1.9560,3961,475,
475,28143 (25%),35,3.7560,7172,475,
475,56287 (50%),65,9.4438,13918,475,
475,84431 (75%),111,10.5696,24228,475,
476,14131 (12.5%),20,2.0156,3927,476,
476,28262 (25%),35,3.5236,7268,476,
476,56525 (50%),65,8.2963,13657,476,
476,84787 (75%),115,10.1848,24924,476,
477,14190 (12.5%),20,2.0356,3895,477,
477,28381 (25%),36,3.5009,7201,477,
477,56763 (50%),68,6.7408,14603,477,
477,85144 (75%),114,11.4720,24981,477,
478,14250 (12.5%),19,3.3145,3802,478,
478,28500 (25%),36,3.7227,7220,478,
478,57001 (50%),66,7.3016,14250,478,
478,85502 (75%),112,13.5581,24595,478,
479,14310 (12.5%),21,2.3575,3966,479,
479,28620 (25%),35,3.7127,7157,479,
479,57240 (50%),67,7.0443,14440,479,
479,85860 (75%),113,10.7765,25197,479,
480,14370 (12.5%),20,2.3868,4013,480,
480,28740 (25%),36,3.7739,7209,480,
480,57480 (50%),66,7.0162,14174,480,
480,86220 (75%),116,10.1683,25798,480,
481,14430 (12.5%),21,2.0156,4009,481,
481,28860 (25%),35,3.7222,7194,481,
481,57720 (50%),67,6.7470,14618,481,
481,86580 (75%),116,10.0529,25701,481,
482,14490 (12.5%),21,2.1114,4012,482,
482,28980 (25%),35,3.7637,7387,482,
482,57960 (50%),68,6.7341,14525,482,
482,86940 (75%),114,10.7617,25167,482,
483,14550 (12.5%),20,2.7122,3905,483,
483,29100 (25%),34,4.1406,7087,483,
483,58201 (50%),67,6.8626,14645,483,
483,87302 (75%),115,10.4017,26016,483,
484,14610 (12.5%),20,1.9727,4025,484,
484,29221 (25%),36,4.2605,7391,484,
484,58443 (50%),68,7.3850,14950,484,
484,87664 (75%),113,10.3965,24929,484,
485,14671 (12.5%),21,2.1257,4019,485,
485,29342 (25%),34,3.6478,7169,485,
485,58685 (50%),67,7.2513,14457,485,
485,88027 (75%),114,10.7827,25645,485,
486,14731 (12.5%),20,2.0885,4013,486,
486,29463 (25%),36,3.9093,7445,486,
486,58927 (50%),68,7.0236,14684,486,
486,88391 (75%),114,10.3776,25651,486,
487,14792 (12.5%),20,2.3456,4059,487,
487,29585 (25%),36,3.8958,7451,487,
487,59170 (50%),66,8.0683,14189,487,
487,88755 (75%),116,10.8600,25728,487,
488,14853 (12.5%),21,4.4634,4128,488,
488,29707 (25%),36,5.2192,7431,488,
488,59414 (50%),70,7.4217,15257,488,
488,89121 (75%),114,10.1967,25358,488,
489,14914 (12.5%),21,2.0027,4216,489,
489,29829 (25%),37,3.8154,7216,489,
489,59658 (50%),70,7.1666,14896,489,
489,89487 (75%),116,11.4422,26149,489,
490,14975 (12.5%),21,2.2657,4179,490,
490,29951 (25%),35,3.8819,7460,490,
490,59902 (50%),69,7.1025,15032,490,
490,89853 (75%),116,10.8476,26066,490,
491,15036 (12.5%),21,2.1565,4121,491,
491,30073 (25%),36,4.1766,7186,491,
491,60147 (50%),67,7.4947,14771,491,
491,90221 (75%),118,11.1725,26528,491,
492,15098 (12.5%),21,2.1355,4051,492,
492,30196 (25%),36,4.5638,7707,492,
492,60393 (50%),71,7.3073,15904,492,
492,90589 (75%),116,10.6809,26312,492,
493,15159 (12.5%),20,2.0483,3976,493,
493,30319 (25%),35,3.7944,7608,493,
493,60639 (50%),69,7.5078,15361,493,
493,90958 (75%),117,11.5235,27033,493,
494,15221 (12.5%),20,2.2209,4084,494,
494,30442 (25%),36,3.9968,7445,494,
494,60885 (50%),68,7.2186,15092,494,
494,91328 (75%),118,11.6343,26892,494,
495,15283 (12.5%),22,2.4402,4213,495,
495,30566 (25%),37,4.0472,7763,495,
495,61132 (50%),69,7.5247,15263,495,
495,91698 (75%),120,12.1586,26559,495,
496,15345 (12.5%),21,2.2147,4281,496,
496,30690 (25%),35,3.8443,7485,496,
496,61380 (50%),70,7.5068,15221,496,
496,92070 (75%),119,11.5476,26914,496,
497,15407 (12.5%),22,2.7382,4283,497,
497,30814 (25%),35,4.1292,7518,497,
497,61628 (50%),69,7.4046,15586,497,
497,92442 (75%),116,11.2195,27179,497,
498,15469 (12.5%),22,2.3718,4272,498,
498,30938 (25%),36,4.3645,7629,498,
498,61876 (50%),69,7.6091,15191,498,
498,92814 (75%),115,12.6705,26363,498,
499,15531 (12.5%),20,2.3191,4087,499,
499,31062 (25%),34,4.5338,7540,499,
499,62125 (50%),70,8.1911,15317,499,
499,93188 (75%),116,12.3770,26702,499,
500,15593 (12.5%),22,2.1994,4332,500,
500,31187 (25%),36,4.1134,7568,500,
500,62375 (50%),70,7.5159,15661,500,
500,93562 (75%),118,11.4086,27050,500,
