Vertices,Edge %,Chromatic Number,Exec Time,Precision
4,0 (12.5%),1,0.2942,0
4,1 (25%),2,0.1128,0
4,3 (50%),2,0.1645,0
4,4 (75%),2,0.1132,0
5,1 (12.5%),2,0.1526,0
5,2 (25%),2,0.1605,0
5,5 (50%),3,0.1769,0
5,7 (75%),3,0.2644,0
6,1 (12.5%),2,0.4435,0
6,3 (25%),2,0.2394,0
6,7 (50%),4,0.2718,0
6,11 (75%),4,0.2930,0
7,2 (12.5%),2,0.2697,0
7,5 (25%),2,0.2828,0
7,10 (50%),3,0.3459,0
7,15 (75%),4,0.3242,0
8,3 (12.5%),2,0.3464,0
8,7 (25%),3,0.4675,0
8,14 (50%),3,0.4940,0
8,21 (75%),4,0.4294,0
9,4 (12.5%),2,0.4556,0
9,9 (25%),3,0.4635,0
9,18 (50%),4,0.5133,0
9,27 (75%),5,0.5586,0
10,5 (12.5%),2,0.5648,0
10,11 (25%),3,0.5913,0
10,22 (50%),4,0.6654,0
10,33 (75%),5,0.6986,0
11,6 (12.5%),2,1.1039,0
11,13 (25%),3,0.7141,0
11,27 (50%),4,0.7880,0
11,41 (75%),6,1.8857,0
12,8 (12.5%),2,0.8895,
12,16 (25%),3,0.9923,
12,33 (50%),4,0.9637,
12,49 (75%),7,1.0862,
13,9 (12.5%),3,0.9165,
13,19 (25%),3,1.0107,
13,39 (50%),5,1.1370,
13,58 (75%),6,1.2894,
14,11 (12.5%),2,1.0612,
14,22 (25%),4,1.1604,
14,45 (50%),5,1.3652,
14,68 (75%),7,1.7629,
15,13 (12.5%),3,1.2770,
15,26 (25%),3,1.4367,
15,52 (50%),5,2.0437,
15,78 (75%),7,1.7040,
16,15 (12.5%),3,1.4286,
16,30 (25%),3,1.7376,
16,60 (50%),5,1.9622,
16,90 (75%),7,1.9877,
17,17 (12.5%),3,1.4880,
17,34 (25%),3,1.7397,
17,68 (50%),6,1.9774,
17,102 (75%),7,2.6615,
18,19 (12.5%),3,1.6878,
18,38 (25%),4,1.9023,
18,76 (50%),5,2.2624,
18,114 (75%),8,2.6577,
19,21 (12.5%),3,2.1541,
19,42 (25%),4,2.2678,
19,85 (50%),5,2.5754,
19,128 (75%),8,3.0425,
20,23 (12.5%),3,2.2552,
20,47 (25%),4,2.3921,
20,95 (50%),6,2.9030,
20,142 (75%),9,3.6533,
21,26 (12.5%),3,2.4776,
21,52 (25%),4,2.6417,
21,105 (50%),6,3.3724,
21,157 (75%),8,3.9635,
22,28 (12.5%),3,2.8911,
22,57 (25%),4,3.0339,
22,115 (50%),6,3.7534,
22,173 (75%),9,4.4732,
23,31 (12.5%),3,2.9700,
23,63 (25%),4,3.3078,
23,126 (50%),7,4.2772,
23,189 (75%),10,4.9970,
24,34 (12.5%),3,3.1748,
24,69 (25%),4,3.6185,
24,138 (50%),6,4.9314,
24,207 (75%),9,5.4333,
25,37 (12.5%),3,3.5698,
25,75 (25%),4,3.8950,
25,150 (50%),7,4.9429,
25,225 (75%),10,5.9927,
26,40 (12.5%),3,3.8404,
26,81 (25%),4,4.2367,
26,162 (50%),7,5.4500,
26,243 (75%),10,6.5467,
27,43 (12.5%),3,3.9473,
27,87 (25%),5,4.8022,
27,175 (50%),7,5.9144,
27,263 (75%),10,7.2026,
28,47 (12.5%),3,4.3886,
28,94 (25%),4,5.0070,
28,189 (50%),7,6.4447,
28,283 (75%),10,7.8902,
29,50 (12.5%),3,4.5929,
29,101 (25%),5,5.4858,
29,203 (50%),8,7.1926,
29,304 (75%),12,8.7066,
30,54 (12.5%),3,5.1174,
30,108 (25%),5,5.8463,
30,217 (50%),7,7.6172,
30,326 (75%),11,9.3017,
31,58 (12.5%),3,5.3897,
31,116 (25%),5,6.5191,
31,232 (50%),7,8.4262,
31,348 (75%),12,10.2181,
32,62 (12.5%),3,5.8172,
32,124 (25%),5,6.9757,
32,248 (50%),8,9.0435,
32,372 (75%),11,11.1206,
33,66 (12.5%),3,6.1979,
33,132 (25%),5,7.2820,
33,264 (50%),8,9.6099,
33,396 (75%),13,12.0287,
34,70 (12.5%),4,6.7172,
34,140 (25%),5,7.7136,
34,280 (50%),8,10.6225,
34,420 (75%),13,12.9945,
35,74 (12.5%),4,7.0565,
35,148 (25%),5,8.3551,
35,297 (50%),9,11.3640,
35,446 (75%),12,14.0545,
36,78 (12.5%),4,7.5514,
36,157 (25%),5,8.8456,
36,315 (50%),9,11.9789,
36,472 (75%),13,15.1637,
37,83 (12.5%),3,7.7450,
37,166 (25%),6,9.4578,
37,333 (50%),9,12.9559,
37,499 (75%),13,16.1355,
38,87 (12.5%),4,8.2545,
38,175 (25%),5,10.3114,
38,351 (50%),9,13.7880,
38,527 (75%),15,17.5440,
39,92 (12.5%),4,8.8267,
39,185 (25%),5,10.9477,
39,370 (50%),9,14.8387,
39,555 (75%),14,18.5266,
40,97 (12.5%),4,9.1321,
40,195 (25%),5,11.4419,
40,390 (50%),10,15.7480,
40,585 (75%),14,20.1995,
41,102 (12.5%),4,9.9285,
41,205 (25%),6,11.9848,
41,410 (50%),10,16.6252,
41,615 (75%),13,21.1799,
42,107 (12.5%),4,10.2308,
42,215 (25%),6,12.7800,
42,430 (50%),9,17.9770,
42,645 (75%),15,22.7096,
43,112 (12.5%),4,11.0207,
43,225 (25%),6,13.8679,
43,451 (50%),9,18.7125,
43,677 (75%),16,23.8574,
44,118 (12.5%),4,11.4248,
44,236 (25%),6,14.4467,
44,473 (50%),10,20.1707,
44,709 (75%),15,25.7909,
45,123 (12.5%),4,13.7577,
45,247 (25%),6,17.5390,
45,495 (50%),10,21.0037,
45,742 (75%),15,27.3323,
46,129 (12.5%),4,12.5508,
46,258 (25%),6,15.8682,
46,517 (50%),10,22.5406,
46,776 (75%),15,28.7752,
47,135 (12.5%),4,13.1562,
47,270 (25%),6,16.7315,
47,540 (50%),10,23.9367,
47,810 (75%),16,30.8018,
48,141 (12.5%),4,13.9337,
48,282 (25%),7,17.7593,
48,564 (50%),11,25.3215,
48,846 (75%),18,34.0116,
49,147 (12.5%),4,14.5113,
49,294 (25%),6,18.5511,
49,588 (50%),11,26.4235,
49,882 (75%),17,34.0178,
50,153 (12.5%),4,15.0590,
50,306 (25%),7,19.2370,
50,612 (50%),11,27.6852,
50,918 (75%),17,36.1202,
51,159 (12.5%),4,16.4125,
51,318 (25%),7,20.6728,
51,637 (50%),11,28.9187,
51,956 (75%),17,38.4502,
52,165 (12.5%),5,16.6821,
52,331 (25%),7,21.1754,
52,663 (50%),11,30.6196,
52,994 (75%),18,40.2744,
53,172 (12.5%),5,17.6415,
53,344 (25%),7,22.6917,
53,689 (50%),11,32.4469,
53,1033 (75%),18,42.5320,
54,178 (12.5%),5,18.2042,
54,357 (25%),7,23.3595,
54,715 (50%),12,33.9842,
54,1073 (75%),18,44.6484,
55,185 (12.5%),5,19.2270,
55,371 (25%),7,24.3320,
55,742 (50%),12,35.4574,
55,1113 (75%),19,46.3777,
56,192 (12.5%),5,19.7992,
56,385 (25%),7,25.1594,
56,770 (50%),12,36.6971,
56,1155 (75%),19,48.9457,
57,199 (12.5%),5,19.9678,
57,399 (25%),7,26.5334,
57,798 (50%),12,39.0642,
57,1197 (75%),19,50.7903,
58,206 (12.5%),5,21.0943,
58,413 (25%),7,27.7267,
58,826 (50%),13,39.9752,
58,1239 (75%),19,53.9618,
59,213 (12.5%),5,21.7285,
59,427 (25%),7,28.8763,
59,855 (50%),12,43.0317,
59,1283 (75%),19,55.8612,
60,221 (12.5%),5,22.6765,
60,442 (25%),7,29.7484,
60,885 (50%),11,44.0581,
60,1327 (75%),20,58.8586,
61,228 (12.5%),5,23.6070,
61,457 (25%),8,31.5986,
61,915 (50%),13,48.1153,
61,1372 (75%),20,69.5333,
62,236 (12.5%),5,24.9434,
62,472 (25%),8,34.6069,
62,945 (50%),13,47.6158,
62,1418 (75%),20,64.8165,
63,244 (12.5%),5,32.6707,
63,488 (25%),8,40.0794,
63,976 (50%),13,60.1244,
63,1464 (75%),21,80.2348,
64,252 (12.5%),5,33.4468,
64,504 (25%),8,42.9447,
64,1008 (50%),14,62.8719,
64,1512 (75%),22,84.2605,
65,260 (12.5%),5,29.8922,
65,520 (25%),8,36.2318,
65,1040 (50%),14,54.9366,
65,1560 (75%),21,73.9949,
66,268 (12.5%),5,29.3548,
66,536 (25%),8,38.9183,
66,1072 (50%),14,56.7458,
66,1608 (75%),21,76.8123,
67,276 (12.5%),5,30.3349,
67,552 (25%),8,42.3315,
67,1105 (50%),14,64.2061,
67,1658 (75%),22,79.8545,
68,284 (12.5%),5,31.2130,
68,569 (25%),8,41.6014,
68,1139 (50%),13,61.8126,
68,1708 (75%),21,84.0518,
69,293 (12.5%),6,31.1852,
69,586 (25%),8,42.5353,
69,1173 (50%),14,64.8720,
69,1759 (75%),22,88.0222,
70,301 (12.5%),5,32.6080,
70,603 (25%),8,44.3687,
70,1207 (50%),14,66.1550,
70,1811 (75%),21,90.7598,
71,310 (12.5%),6,33.6864,
71,621 (25%),8,45.6617,
71,1242 (50%),15,69.5510,
71,1863 (75%),23,95.8264,
72,319 (12.5%),6,35.5296,
72,639 (25%),9,47.9975,
72,1278 (50%),15,71.7366,
72,1917 (75%),22,97.8661,
73,328 (12.5%),5,35.8799,
73,657 (25%),9,48.9209,
73,1314 (50%),15,75.1278,
73,1971 (75%),23,102.8919,
74,337 (12.5%),6,37.8087,
74,675 (25%),9,51.2850,
74,1350 (50%),15,77.2102,
74,2025 (75%),22,106.0874,
75,346 (12.5%),6,38.5733,
75,693 (25%),9,53.4704,
75,1387 (50%),15,80.9064,
75,2081 (75%),24,109.9994,
76,356 (12.5%),6,40.0522,
76,712 (25%),9,55.4035,
76,1425 (50%),15,83.7159,
76,2137 (75%),24,114.5504,
77,365 (12.5%),6,40.5333,
77,731 (25%),9,56.4184,
77,1463 (50%),15,85.7728,
77,2194 (75%),24,118.0182,
78,375 (12.5%),6,42.5484,
78,750 (25%),9,57.9495,
78,1501 (50%),15,89.6194,
78,2252 (75%),24,123.0149,
79,385 (12.5%),6,43.8583,
79,770 (25%),9,59.9618,
79,1540 (50%),16,92.5913,
79,2310 (75%),25,127.4006,
80,395 (12.5%),6,45.1579,
80,790 (25%),9,62.3026,
80,1580 (50%),16,96.2291,
80,2370 (75%),25,129.9706,
81,405 (12.5%),6,46.0935,
81,810 (25%),9,64.4188,
81,1620 (50%),16,98.6350,
81,2430 (75%),25,136.4222,
82,415 (12.5%),6,48.6419,
82,830 (25%),9,66.8352,
82,1660 (50%),16,102.2942,
82,2490 (75%),25,140.5520,
83,425 (12.5%),6,49.2961,
83,850 (25%),10,68.9383,
83,1701 (50%),16,105.6542,
83,2552 (75%),25,147.2704,
84,435 (12.5%),6,49.4423,
84,871 (25%),9,70.2522,
84,1743 (50%),17,108.3391,
84,2614 (75%),25,149.7855,
85,446 (12.5%),6,51.2078,
85,892 (25%),10,71.3170,
85,1785 (50%),17,109.8306,
85,2677 (75%),26,153.7259,
86,456 (12.5%),6,51.5530,
86,913 (25%),9,71.8553,
86,1827 (50%),17,113.4281,
86,2741 (75%),27,155.6470,
87,467 (12.5%),6,52.5742,
87,935 (25%),9,74.2576,
87,1870 (50%),17,114.8827,
87,2805 (75%),27,158.1469,
88,478 (12.5%),6,55.8364,
88,957 (25%),10,75.0666,
88,1914 (50%),17,117.1811,
88,2871 (75%),28,163.3563,
89,489 (12.5%),6,54.4565,
89,979 (25%),10,76.7472,
89,1958 (50%),17,119.6556,
89,2937 (75%),27,164.6669,
90,500 (12.5%),6,56.0367,
90,1001 (25%),10,78.1262,
90,2002 (50%),18,121.2049,
90,3003 (75%),27,168.9248,
91,511 (12.5%),6,56.5934,
91,1023 (25%),10,79.1647,
91,2047 (50%),18,123.5945,
91,3071 (75%),28,171.4594,
92,523 (12.5%),7,57.9052,
92,1046 (25%),10,80.7309,
92,2093 (50%),18,127.9213,
92,3139 (75%),28,176.5418,
93,534 (12.5%),7,58.9213,
93,1069 (25%),10,80.8711,
93,2139 (50%),18,128.6917,
93,3208 (75%),29,179.4522,
94,546 (12.5%),7,59.9515,
94,1092 (25%),10,82.3412,
94,2185 (50%),18,130.2357,
94,3278 (75%),29,181.4036,
95,558 (12.5%),7,59.9852,
95,1116 (25%),10,84.5773,
95,2232 (50%),18,134.8367,
95,3348 (75%),28,185.7719,
96,570 (12.5%),7,60.7388,
96,1140 (25%),10,87.3401,
96,2280 (50%),18,135.6173,
96,3420 (75%),29,191.6780,
97,582 (12.5%),7,62.0289,
97,1164 (25%),10,88.7511,
97,2328 (50%),18,138.6693,
97,3492 (75%),29,192.8313,
98,594 (12.5%),7,63.4592,
98,1188 (25%),11,88.6879,
98,2376 (50%),18,144.1777,
98,3564 (75%),29,196.6701,
99,606 (12.5%),7,63.8790,
99,1212 (25%),11,91.1801,
99,2425 (50%),19,168.0188,
99,3638 (75%),29,207.1607,
100,618 (12.5%),7,65.1870,
100,1237 (25%),10,92.2613,
100,2475 (50%),19,145.2124,
100,3712 (75%),30,205.2572,
101,631 (12.5%),7,66.7846,
101,1262 (25%),11,93.1129,
101,2525 (50%),19,154.7046,
101,3787 (75%),31,208.0605,
102,643 (12.5%),7,66.9179,
102,1287 (25%),11,96.5703,
102,2575 (50%),19,151.1006,
102,3863 (75%),31,211.1852,
103,656 (12.5%),7,67.3368,
103,1313 (25%),11,97.1026,
103,2626 (50%),19,153.8417,
103,3939 (75%),31,214.7684,
104,669 (12.5%),7,67.9586,
104,1339 (25%),11,97.4171,
104,2678 (50%),20,155.6518,
104,4017 (75%),31,218.2310,
105,682 (12.5%),7,69.2170,
105,1365 (25%),11,102.6392,
105,2730 (50%),19,158.3626,
105,4095 (75%),31,222.3616,
106,695 (12.5%),7,69.9470,
106,1391 (25%),11,100.9302,
106,2782 (50%),20,160.5430,
106,4173 (75%),31,225.0202,
107,708 (12.5%),7,70.6649,
107,1417 (25%),12,102.1957,
107,2835 (50%),20,165.8759,
107,4253 (75%),31,228.9755,
108,722 (12.5%),7,72.0303,
108,1444 (25%),11,103.5018,
108,2889 (50%),20,167.1975,
108,4333 (75%),31,232.2984,
109,735 (12.5%),7,72.9403,
109,1471 (25%),11,106.1997,
109,2943 (50%),20,169.6184,
109,4414 (75%),31,247.6556,
110,749 (12.5%),7,75.0613,
110,1498 (25%),11,109.4854,
110,2997 (50%),21,172.2677,
110,4496 (75%),33,241.0531,
111,763 (12.5%),7,75.3219,
111,1526 (25%),12,108.6781,
111,3052 (50%),20,175.8618,
111,4578 (75%),32,246.9659,
112,777 (12.5%),7,76.0744,
112,1554 (25%),12,109.6060,
112,3108 (50%),21,189.3857,
112,4662 (75%),33,311.6493,
113,791 (12.5%),8,93.3955,
113,1582 (25%),12,138.6228,
113,3164 (50%),19,181.1690,
113,4746 (75%),33,254.3507,
114,805 (12.5%),8,77.0991,
114,1610 (25%),12,113.8263,
114,3220 (50%),20,184.7281,
114,4830 (75%),33,257.7155,
115,819 (12.5%),8,80.2994,
115,1638 (25%),12,114.8398,
115,3277 (50%),21,187.6004,
115,4916 (75%),33,260.9966,
116,833 (12.5%),7,79.6626,
116,1667 (25%),12,117.5172,
116,3335 (50%),20,191.2346,
116,5002 (75%),34,266.1414,
117,848 (12.5%),8,81.3642,
117,1696 (25%),12,117.5952,
117,3393 (50%),22,198.3595,
117,5089 (75%),33,266.1490,
118,862 (12.5%),8,82.0825,
118,1725 (25%),12,121.4697,
118,3451 (50%),22,195.0531,
118,5177 (75%),35,272.8419,
119,877 (12.5%),8,82.5164,
119,1755 (25%),12,120.7838,
119,3510 (50%),22,196.9182,
119,5265 (75%),35,279.0873,
120,892 (12.5%),8,83.6759,
120,1785 (25%),12,124.1069,
120,3570 (50%),22,201.3404,
120,5355 (75%),35,279.0620,
121,907 (12.5%),8,84.1849,
121,1815 (25%),13,123.8472,
121,3630 (50%),22,204.4742,
121,5445 (75%),36,286.7815,
122,922 (12.5%),8,86.0021,
122,1845 (25%),13,125.3781,
122,3690 (50%),22,206.0418,
122,5535 (75%),36,286.6497,
123,937 (12.5%),8,85.9704,
123,1875 (25%),13,127.4889,
123,3751 (50%),22,210.0558,
123,5627 (75%),36,293.7050,
124,953 (12.5%),8,88.2132,
124,1906 (25%),13,129.5331,
124,3813 (50%),22,211.5059,
124,5719 (75%),36,296.7877,
125,968 (12.5%),8,88.6981,
125,1937 (25%),13,132.7009,
125,3875 (50%),23,216.3725,
125,5812 (75%),36,301.8014,
126,984 (12.5%),8,89.6723,
126,1968 (25%),12,132.5865,
126,3937 (50%),22,217.6948,
126,5906 (75%),36,305.3632,
127,1000 (12.5%),8,90.4319,
127,2000 (25%),13,135.5267,
127,4000 (50%),23,220.9854,
127,6000 (75%),35,309.9570,
128,1016 (12.5%),8,91.6700,
128,2032 (25%),13,135.8569,
128,4064 (50%),22,222.2600,
128,6096 (75%),37,314.0290,
129,1032 (12.5%),8,92.0877,
129,2064 (25%),13,139.1299,
129,4128 (50%),23,226.7630,
129,6192 (75%),38,323.8358,
130,1048 (12.5%),8,95.2549,
130,2096 (25%),13,140.5580,
130,4192 (50%),23,230.0217,
130,6288 (75%),37,324.2483,
131,1064 (12.5%),8,95.3503,
131,2128 (25%),13,140.3809,
131,4257 (50%),23,234.5786,
131,6386 (75%),38,328.5284,
132,1080 (12.5%),8,95.2842,
132,2161 (25%),13,143.4660,
132,4323 (50%),23,237.0460,
132,6484 (75%),38,336.0319,
133,1097 (12.5%),8,96.8258,
133,2194 (25%),13,145.2193,
133,4389 (50%),24,240.5641,
133,6583 (75%),39,335.4142,
134,1113 (12.5%),9,99.2966,
134,2227 (25%),14,147.1853,
134,4455 (50%),24,245.0027,
134,6683 (75%),39,342.4108,
135,1130 (12.5%),8,99.2658,
135,2261 (25%),13,149.1194,
135,4522 (50%),24,247.7632,
135,6783 (75%),39,350.9452,
136,1147 (12.5%),8,102.7510,
136,2295 (25%),13,163.3492,
136,4590 (50%),24,273.2525,
136,6885 (75%),39,360.8055,
137,1164 (12.5%),9,103.7338,
137,2329 (25%),14,152.2660,
137,4658 (50%),24,255.1780,
137,6987 (75%),40,358.1600,
138,1181 (12.5%),8,103.9069,
138,2363 (25%),13,156.0593,
138,4726 (50%),24,258.8122,
138,7089 (75%),40,361.3610,
139,1198 (12.5%),9,105.8967,
139,2397 (25%),14,157.8743,
139,4795 (50%),25,261.7095,
139,7193 (75%),39,368.9382,
140,1216 (12.5%),9,105.9017,
140,2432 (25%),14,158.7472,
140,4865 (50%),24,263.0820,
140,7297 (75%),40,374.7785,
141,1233 (12.5%),9,106.1208,
141,2467 (25%),14,161.3805,
141,4935 (50%),25,269.2080,
141,7402 (75%),40,379.1616,
142,1251 (12.5%),9,109.4906,
142,2502 (25%),14,163.6226,
142,5005 (50%),25,275.0187,
142,7508 (75%),40,385.0253,
143,1269 (12.5%),9,108.8152,
143,2538 (25%),14,167.9511,
143,5076 (50%),25,277.9322,
143,7614 (75%),40,387.8164,
144,1287 (12.5%),9,113.7414,
144,2574 (25%),14,168.1385,
144,5148 (50%),25,285.0144,
144,7722 (75%),41,393.1603,
145,1305 (12.5%),9,112.4837,
145,2610 (25%),14,168.3595,
145,5220 (50%),26,284.3568,
145,7830 (75%),42,397.9380,
146,1323 (12.5%),9,114.9745,
146,2646 (25%),14,170.4438,
146,5292 (50%),26,285.7161,
146,7938 (75%),42,406.3981,
147,1341 (12.5%),9,114.4004,
147,2682 (25%),14,172.6446,
147,5365 (50%),26,289.2687,
147,8048 (75%),40,411.1531,
148,1359 (12.5%),9,115.9618,
148,2719 (25%),14,174.5629,
148,5439 (50%),26,293.3300,
148,8158 (75%),42,418.3402,
149,1378 (12.5%),9,117.3940,
149,2756 (25%),14,175.7712,
149,5513 (50%),26,296.3529,
149,8269 (75%),42,418.1919,
150,1396 (12.5%),9,116.2260,
150,2793 (25%),14,177.3717,
150,5587 (50%),26,302.2742,
150,8381 (75%),43,430.2289,
151,1415 (12.5%),9,118.9315,
151,2831 (25%),14,181.5732,
151,5662 (50%),26,304.6536,
151,8493 (75%),42,430.2218,
152,1434 (12.5%),9,119.2009,
152,2869 (25%),14,182.8046,
152,5738 (50%),27,309.7422,
152,8607 (75%),42,435.0450,
153,1453 (12.5%),9,119.4539,
153,2907 (25%),14,183.9793,
153,5814 (50%),27,317.5786,
153,8721 (75%),43,441.4368,
154,1472 (12.5%),9,122.5202,
154,2945 (25%),15,188.6356,
154,5890 (50%),27,316.3950,
154,8835 (75%),43,446.8648,
155,1491 (12.5%),10,122.5898,
155,2983 (25%),15,188.8781,
155,5967 (50%),27,319.4525,
155,8951 (75%),43,452.6930,
156,1511 (12.5%),9,125.0455,
156,3022 (25%),15,191.2782,
156,6045 (50%),27,326.7922,
156,9067 (75%),44,461.2780,
157,1530 (12.5%),10,127.3544,
157,3061 (25%),15,193.5534,
157,6123 (50%),27,327.2667,
157,9184 (75%),43,464.4380,
158,1550 (12.5%),9,127.8021,
158,3100 (25%),15,194.8364,
158,6201 (50%),28,332.2172,
158,9302 (75%),44,470.2516,
159,1570 (12.5%),9,128.9053,
159,3140 (25%),15,210.8712,
159,6280 (50%),27,343.6558,
159,9420 (75%),45,478.4741,
160,1590 (12.5%),9,130.7127,
160,3180 (25%),15,199.8951,
160,6360 (50%),27,340.4372,
160,9540 (75%),44,483.5355,
161,1610 (12.5%),10,152.1442,
161,3220 (25%),15,223.0554,
161,6440 (50%),28,390.0096,
161,9660 (75%),44,490.5381,
162,1630 (12.5%),10,136.0722,
162,3260 (25%),15,202.4894,
162,6520 (50%),28,345.9253,
162,9780 (75%),45,491.8554,
163,1650 (12.5%),10,134.6028,
163,3300 (25%),15,207.7541,
163,6601 (50%),28,352.4609,
163,9902 (75%),46,497.3450,
164,1670 (12.5%),10,133.7616,
164,3341 (25%),16,206.7955,
164,6683 (50%),28,355.2592,
164,10024 (75%),44,507.8480,
165,1691 (12.5%),10,135.5114,
165,3382 (25%),15,207.9253,
165,6765 (50%),28,358.0012,
165,10147 (75%),46,548.1522,
166,1711 (12.5%),10,139.8172,
166,3423 (25%),16,213.2130,
166,6847 (50%),28,364.6896,
166,10271 (75%),46,515.8355,
167,1732 (12.5%),10,138.9477,
167,3465 (25%),15,214.7937,
167,6930 (50%),29,367.6517,
167,10395 (75%),47,520.0255,
168,1753 (12.5%),10,138.2387,
168,3507 (25%),16,215.9581,
168,7014 (50%),29,369.6079,
168,10521 (75%),46,521.9872,
169,1774 (12.5%),10,143.5509,
169,3549 (25%),16,219.3942,
169,7098 (50%),29,374.0532,
169,10647 (75%),47,532.1622,
170,1795 (12.5%),10,142.4253,
170,3591 (25%),16,222.3296,
170,7182 (50%),28,380.2423,
170,10773 (75%),47,541.2288,
171,1816 (12.5%),10,142.5111,
171,3633 (25%),16,227.0975,
171,7267 (50%),29,382.6230,
171,10901 (75%),47,542.2475,
172,1838 (12.5%),10,147.9068,
172,3676 (25%),16,227.5703,
172,7353 (50%),29,388.4823,
172,11029 (75%),47,561.6627,
173,1859 (12.5%),10,145.7276,
173,3719 (25%),16,253.2496,
173,7439 (50%),29,390.6920,
173,11158 (75%),47,555.2406,
174,1881 (12.5%),10,147.3145,
174,3762 (25%),16,230.8533,
174,7525 (50%),29,397.9614,
174,11288 (75%),48,567.2581,
175,1903 (12.5%),10,151.9098,
175,3806 (25%),16,235.1599,
175,7612 (50%),30,399.4763,
175,11418 (75%),48,565.1898,
176,1925 (12.5%),10,151.2671,
176,3850 (25%),16,237.0327,
176,7700 (50%),29,404.9048,
176,11550 (75%),48,578.3968,
177,1947 (12.5%),10,152.2238,
177,3894 (25%),16,235.6694,
177,7788 (50%),30,406.5909,
177,11682 (75%),48,581.1713,
178,1969 (12.5%),10,153.5728,
178,3938 (25%),16,239.7025,
178,7876 (50%),30,413.5113,
178,11814 (75%),49,588.1844,
179,1991 (12.5%),10,153.3568,
179,3982 (25%),17,244.4334,
179,7965 (50%),30,418.9053,
179,11948 (75%),49,596.6992,
180,2013 (12.5%),10,157.2564,
180,4027 (25%),17,243.0933,
180,8055 (50%),30,422.0455,
180,12082 (75%),48,595.7606,
181,2036 (12.5%),10,159.7199,
181,4072 (25%),17,245.5685,
181,8145 (50%),30,426.0767,
181,12217 (75%),50,603.8718,
182,2058 (12.5%),10,164.5150,
182,4117 (25%),17,249.0635,
182,8235 (50%),30,431.8554,
182,12353 (75%),50,610.1105,
183,2081 (12.5%),10,158.7863,
183,4163 (25%),17,249.6321,
183,8326 (50%),31,433.0399,
183,12489 (75%),50,619.5555,
184,2104 (12.5%),10,161.8879,
184,4209 (25%),17,251.5497,
184,8418 (50%),31,437.3224,
184,12627 (75%),50,625.6509,
185,2127 (12.5%),11,162.3399,
185,4255 (25%),17,257.5147,
185,8510 (50%),30,442.9808,
185,12765 (75%),50,628.7992,
186,2150 (12.5%),11,163.9187,
186,4301 (25%),17,262.3749,
186,8602 (50%),31,445.8420,
186,12903 (75%),51,630.2412,
187,2173 (12.5%),11,167.1278,
187,4347 (25%),17,259.2599,
187,8695 (50%),31,456.0349,
187,13043 (75%),51,643.0519,
188,2197 (12.5%),11,167.7589,
188,4394 (25%),17,260.5267,
188,8789 (50%),31,454.0610,
188,13183 (75%),51,652.9648,
189,2220 (12.5%),11,166.8842,
189,4441 (25%),17,263.9647,
189,8883 (50%),32,460.6001,
189,13324 (75%),52,650.7401,
190,2244 (12.5%),11,170.4586,
190,4488 (25%),17,271.2343,
190,8977 (50%),31,463.5201,
190,13466 (75%),50,656.9247,
191,2268 (12.5%),11,170.4171,
191,4536 (25%),17,271.2317,
191,9072 (50%),32,469.9824,
191,13608 (75%),50,666.3690,
192,2292 (12.5%),11,174.4132,
192,4584 (25%),18,270.0031,
192,9168 (50%),32,470.6833,
192,13752 (75%),51,673.2218,
193,2316 (12.5%),11,172.0262,
193,4632 (25%),18,274.2376,
193,9264 (50%),32,476.2783,
193,13896 (75%),53,679.8217,
194,2340 (12.5%),11,179.2576,
194,4680 (25%),18,278.3189,
194,9360 (50%),32,482.1856,
194,14040 (75%),52,684.8454,
195,2364 (12.5%),11,175.2653,
195,4728 (25%),18,279.1181,
195,9457 (50%),33,485.3117,
195,14186 (75%),53,690.1670,
196,2388 (12.5%),11,177.6242,
196,4777 (25%),18,281.2307,
196,9555 (50%),32,487.3073,
196,14332 (75%),53,694.9575,
197,2413 (12.5%),11,180.1119,
197,4826 (25%),18,285.1074,
197,9653 (50%),32,494.3283,
197,14479 (75%),54,704.1605,
198,2437 (12.5%),11,180.4314,
198,4875 (25%),18,285.4915,
198,9751 (50%),33,497.3106,
198,14627 (75%),53,711.4773,
199,2462 (12.5%),11,182.5509,
199,4925 (25%),18,291.0826,
199,9850 (50%),33,504.2570,
199,14775 (75%),53,717.8273,
200,2487 (12.5%),11,185.0884,
200,4975 (25%),18,291.5370,
200,9950 (50%),33,511.8792,
200,14925 (75%),53,729.7406,
201,2512 (12.5%),11,184.1266,
201,5025 (25%),18,292.5243,
201,10050 (50%),32,521.7488,
201,15075 (75%),53,726.3927,
202,2537 (12.5%),11,186.8937,
202,5075 (25%),18,296.4861,
202,10150 (50%),32,514.4536,
202,15225 (75%),54,735.6391,
203,2562 (12.5%),11,186.7721,
203,5125 (25%),18,297.7421,
203,10251 (50%),34,520.6389,
203,15377 (75%),54,745.8811,
204,2588 (12.5%),11,188.7937,
204,5176 (25%),18,298.7335,
204,10353 (50%),34,528.2300,
204,15529 (75%),55,749.2614,
205,2613 (12.5%),11,189.5916,
205,5227 (25%),18,304.5378,
205,10455 (50%),33,563.3273,
205,15682 (75%),55,777.7839,
206,2639 (12.5%),11,195.7603,
206,5278 (25%),18,313.0708,
206,10557 (50%),34,542.0663,
206,15836 (75%),55,781.8387,
207,2665 (12.5%),11,195.9643,
207,5330 (25%),19,313.2911,
207,10660 (50%),33,552.7461,
207,15990 (75%),54,793.0267,
208,2691 (12.5%),12,200.8603,
208,5382 (25%),19,309.7711,
208,10764 (50%),34,580.7071,
208,16146 (75%),56,804.6100,
209,2717 (12.5%),11,202.2684,
209,5434 (25%),19,318.9087,
209,10868 (50%),34,560.8227,
209,16302 (75%),56,797.0047,
210,2743 (12.5%),11,202.9700,
210,5486 (25%),19,329.1507,
210,10972 (50%),34,580.8697,
210,16458 (75%),56,827.3273,
211,2769 (12.5%),11,209.3408,
211,5538 (25%),19,337.0070,
211,11077 (50%),35,583.5512,
211,16616 (75%),56,828.2053,
212,2795 (12.5%),11,210.7956,
212,5591 (25%),19,335.6194,
212,11183 (50%),34,588.2764,
212,16774 (75%),55,844.3179,
213,2822 (12.5%),12,212.2896,
213,5644 (25%),19,340.8175,
213,11289 (50%),35,596.9830,
213,16933 (75%),56,848.9861,
214,2848 (12.5%),12,213.4733,
214,5697 (25%),19,336.9486,
214,11395 (50%),35,591.7199,
214,17093 (75%),57,844.3496,
215,2875 (12.5%),11,216.1713,
215,5751 (25%),19,340.7547,
215,11502 (50%),35,596.7817,
215,17253 (75%),57,863.0552,
216,2902 (12.5%),12,215.2116,
216,5805 (25%),19,343.2539,
216,11610 (50%),34,600.7767,
216,17415 (75%),58,864.1462,
217,2929 (12.5%),12,220.2387,
217,5859 (25%),19,351.7625,
217,11718 (50%),34,617.0278,
217,17577 (75%),57,894.2962,
218,2956 (12.5%),12,221.3373,
218,5913 (25%),19,354.1303,
218,11826 (50%),35,623.9898,
218,17739 (75%),57,889.8187,
219,2983 (12.5%),12,221.9336,
219,5967 (25%),19,356.5633,
219,11935 (50%),36,625.8900,
219,17903 (75%),58,905.0555,
220,3011 (12.5%),12,222.0454,
220,6022 (25%),19,353.3633,
220,12045 (50%),35,619.0577,
220,18067 (75%),57,883.9185,
221,3038 (12.5%),12,224.2548,
221,6077 (25%),20,354.1226,
221,12155 (50%),36,622.2248,
221,18232 (75%),58,889.0018,
222,3066 (12.5%),12,224.6618,
222,6132 (25%),19,357.7802,
222,12265 (50%),36,629.5455,
222,18398 (75%),59,896.1434,
223,3094 (12.5%),12,224.8721,
223,6188 (25%),20,359.2274,
223,12376 (50%),35,630.5110,
223,18564 (75%),59,903.4591,
224,3122 (12.5%),12,226.2163,
224,6244 (25%),20,370.4810,
224,12488 (50%),36,643.7631,
224,18732 (75%),60,924.7360,
225,3150 (12.5%),12,230.7620,
225,6300 (25%),20,373.4708,
225,12600 (50%),36,654.3484,
225,18900 (75%),59,904.4969,
226,3178 (12.5%),12,224.4678,
226,6356 (25%),19,358.4461,
226,12712 (50%),36,635.9110,
226,19068 (75%),60,913.3308,
227,3206 (12.5%),12,228.1575,
227,6412 (25%),20,361.0673,
227,12825 (50%),36,639.2379,
227,19238 (75%),60,919.7025,
228,3234 (12.5%),12,227.7057,
228,6469 (25%),19,399.2076,
228,12939 (50%),37,652.3855,
228,19408 (75%),60,925.7839,
229,3263 (12.5%),12,231.2312,
229,6526 (25%),20,370.7256,
229,13053 (50%),37,651.3491,
229,19579 (75%),61,934.9217,
230,3291 (12.5%),12,230.6991,
230,6583 (25%),20,372.4849,
230,13167 (50%),37,779.5484,
230,19751 (75%),60,942.5092,
231,3320 (12.5%),12,231.2906,
231,6641 (25%),20,374.2907,
231,13282 (50%),36,658.8938,
231,19923 (75%),61,968.9043,
232,3349 (12.5%),12,235.0671,
232,6699 (25%),20,378.6683,
232,13398 (50%),37,667.1088,
232,20097 (75%),60,954.6349,
233,3378 (12.5%),12,238.3411,
233,6757 (25%),20,376.4861,
233,13514 (50%),37,661.3123,
233,20271 (75%),61,956.6870,
234,3407 (12.5%),12,235.4894,
234,6815 (25%),20,380.3971,
234,13630 (50%),37,677.7489,
234,20445 (75%),61,964.5228,
235,3436 (12.5%),13,233.8686,
235,6873 (25%),20,386.1716,
235,13747 (50%),37,682.2684,
235,20621 (75%),62,971.9255,
236,3466 (12.5%),13,238.5242,
236,6932 (25%),20,388.8433,
236,13865 (50%),38,689.1873,
236,20797 (75%),61,991.0433,
237,3495 (12.5%),13,240.7002,
237,6991 (25%),20,390.4500,
237,13983 (50%),37,679.9827,
237,20974 (75%),62,990.9649,
238,3525 (12.5%),13,247.6137,
238,7050 (25%),21,389.4892,
238,14101 (50%),38,699.6832,
238,21152 (75%),63,1001.6153,
239,3555 (12.5%),12,250.6132,
239,7110 (25%),20,393.8241,
239,14220 (50%),38,733.3310,
239,21330 (75%),63,1006.1297,
240,3585 (12.5%),12,244.8194,
240,7170 (25%),21,403.5048,
240,14340 (50%),38,708.8685,
240,21510 (75%),62,1011.2233,
241,3615 (12.5%),13,243.9981,
241,7230 (25%),21,400.2502,
241,14460 (50%),38,705.3008,
241,21690 (75%),63,1015.8782,
242,3645 (12.5%),13,247.6785,
242,7290 (25%),21,401.0911,
242,14580 (50%),38,714.7315,
242,21870 (75%),63,1024.2043,
243,3675 (12.5%),13,249.2263,
243,7350 (25%),21,405.4658,
243,14701 (50%),39,716.3212,
243,22052 (75%),64,1031.8136,
244,3705 (12.5%),12,248.8253,
244,7411 (25%),21,407.5110,
244,14823 (50%),38,730.9692,
244,22234 (75%),63,1042.2828,
245,3736 (12.5%),13,250.9599,
245,7472 (25%),21,410.6183,
245,14945 (50%),38,726.9366,
245,22417 (75%),63,1044.3254,
246,3766 (12.5%),13,253.9401,
246,7533 (25%),21,411.0804,
246,15067 (50%),38,741.5395,
246,22601 (75%),64,1068.0220,
247,3797 (12.5%),13,254.8537,
247,7595 (25%),21,414.7327,
247,15190 (50%),38,747.8833,
247,22785 (75%),65,1055.7485,
248,3828 (12.5%),13,255.5368,
248,7657 (25%),20,421.1423,
248,15314 (50%),39,750.1149,
248,22971 (75%),65,1076.3133,
249,3859 (12.5%),13,258.2006,
249,7719 (25%),21,473.2327,
249,15438 (50%),39,765.9249,
249,23157 (75%),65,1074.5711,
250,3890 (12.5%),13,263.2496,
250,7781 (25%),21,425.6325,
250,15562 (50%),40,754.6730,
250,23343 (75%),65,1076.8108,
251,3921 (12.5%),13,261.1237,
251,7843 (25%),21,429.5809,
251,15687 (50%),39,753.7189,
251,23531 (75%),64,1085.2156,
252,3953 (12.5%),13,263.4368,
252,7906 (25%),22,472.1041,
252,15813 (50%),40,797.0705,
252,23719 (75%),66,1137.2473,
253,3984 (12.5%),13,273.9165,
253,7969 (25%),21,451.4246,
253,15939 (50%),40,789.5186,
253,23908 (75%),66,1148.5512,
254,4016 (12.5%),13,280.1156,
254,8032 (25%),21,452.6246,
254,16065 (50%),39,794.5340,
254,24098 (75%),66,1143.7044,
255,4048 (12.5%),13,277.7877,
255,8096 (25%),22,454.8407,
255,16192 (50%),40,830.5540,
255,24288 (75%),66,1154.5823,
256,4080 (12.5%),13,278.4717,
256,8160 (25%),22,454.7660,
256,16320 (50%),40,804.1716,
256,24480 (75%),66,1159.5230,
257,4112 (12.5%),13,281.7729,
257,8224 (25%),22,458.1466,
257,16448 (50%),40,817.2059,
257,24672 (75%),66,1190.1283,
258,4144 (12.5%),13,283.2942,
258,8288 (25%),22,461.9553,
258,16576 (50%),40,821.8129,
258,24864 (75%),67,1190.7504,
259,4176 (12.5%),13,284.3485,
259,8352 (25%),22,468.3557,
259,16705 (50%),40,829.1850,
259,25058 (75%),66,1194.2391,
260,4208 (12.5%),13,287.6577,
260,8417 (25%),22,470.7448,
260,16835 (50%),41,836.9653,
260,25252 (75%),66,1219.9233,
261,4241 (12.5%),13,292.6140,
261,8482 (25%),22,482.9214,
261,16965 (50%),41,851.6359,
261,25447 (75%),67,1227.9377,
262,4273 (12.5%),13,293.1290,
262,8547 (25%),22,484.7517,
262,17095 (50%),41,859.4522,
262,25643 (75%),68,1250.4287,
263,4306 (12.5%),14,297.7450,
263,8613 (25%),22,490.5775,
263,17226 (50%),41,866.6551,
263,25839 (75%),68,1248.1406,
264,4339 (12.5%),13,298.3227,
264,8679 (25%),22,503.0997,
264,17358 (50%),41,934.8273,
264,26037 (75%),67,1238.4882,
265,4372 (12.5%),13,292.7911,
265,8745 (25%),23,490.0091,
265,17490 (50%),41,861.9919,
265,26235 (75%),69,1240.0117,
266,4405 (12.5%),13,294.4260,
266,8811 (25%),22,497.1547,
266,17622 (50%),41,877.0187,
266,26433 (75%),68,1301.1866,
267,4438 (12.5%),14,312.6690,
267,8877 (25%),23,513.5379,
267,17755 (50%),41,912.3065,
267,26633 (75%),67,1323.2269,
268,4472 (12.5%),14,313.2043,
268,8944 (25%),23,524.1129,
268,17889 (50%),42,915.6821,
268,26833 (75%),69,1344.2652,
269,4505 (12.5%),14,320.9519,
269,9011 (25%),23,520.8402,
269,18023 (50%),41,931.5085,
269,27034 (75%),69,1343.8168,
270,4539 (12.5%),14,313.9145,
270,9078 (25%),22,538.9197,
270,18157 (50%),42,932.9174,
270,27236 (75%),70,1350.4596,
271,4573 (12.5%),14,323.9088,
271,9146 (25%),22,529.6292,
271,18292 (50%),42,939.3818,
271,27438 (75%),69,1431.0389,
272,4607 (12.5%),14,326.8964,
272,9214 (25%),23,531.9099,
272,18428 (50%),42,954.2258,
272,27642 (75%),69,1373.5523,
273,4641 (12.5%),14,326.0987,
273,9282 (25%),22,539.9959,
273,18564 (50%),42,962.9173,
273,27846 (75%),71,1392.3287,
274,4675 (12.5%),14,327.0569,
274,9350 (25%),23,572.0320,
274,18700 (50%),42,974.7360,
274,28050 (75%),70,1402.1983,
275,4709 (12.5%),14,332.0312,
275,9418 (25%),23,548.9497,
275,18837 (50%),43,971.2741,
275,28256 (75%),70,1401.4635,
276,4743 (12.5%),14,334.1503,
276,9487 (25%),23,549.6888,
276,18975 (50%),43,985.0824,
276,28462 (75%),71,1413.6496,
277,4778 (12.5%),14,333.8406,
277,9556 (25%),23,552.4909,
277,19113 (50%),43,996.7914,
277,28669 (75%),71,1430.7754,
278,4812 (12.5%),14,336.3099,
278,9625 (25%),23,559.1276,
278,19251 (50%),43,997.3056,
278,28877 (75%),71,1430.5937,
279,4847 (12.5%),14,338.7482,
279,9695 (25%),23,562.9916,
279,19390 (50%),43,1014.1940,
279,29085 (75%),70,1451.1995,
280,4882 (12.5%),14,344.6395,
280,9765 (25%),23,567.8468,
280,19530 (50%),43,1025.7967,
280,29295 (75%),71,1465.9429,
281,4917 (12.5%),14,346.6134,
281,9835 (25%),24,575.1922,
281,19670 (50%),42,1021.1525,
281,29505 (75%),72,1480.0270,
282,4952 (12.5%),14,348.7275,
282,9905 (25%),23,579.0486,
282,19810 (50%),44,1036.2666,
282,29715 (75%),71,1492.7497,
283,4987 (12.5%),14,350.0724,
283,9975 (25%),23,582.4859,
283,19951 (50%),43,1040.5953,
283,29927 (75%),72,1527.4718,
284,5023 (12.5%),14,356.2925,
284,10046 (25%),24,589.5362,
284,20093 (50%),44,1046.6540,
284,30139 (75%),72,1512.0568,
285,5058 (12.5%),14,356.4534,
285,10117 (25%),23,595.2756,
285,20235 (50%),43,1056.1373,
285,30352 (75%),71,1532.3975,
286,5094 (12.5%),14,358.8161,
286,10188 (25%),23,596.4568,
286,20377 (50%),44,1064.9455,
286,30566 (75%),71,1549.9592,
287,5130 (12.5%),14,362.5236,
287,10260 (25%),24,645.9413,
287,20520 (50%),44,1079.2611,
287,30780 (75%),73,1553.3221,
288,5166 (12.5%),14,366.0688,
288,10332 (25%),24,605.8571,
288,20664 (50%),44,1083.3187,
288,30996 (75%),72,1598.7604,
289,5202 (12.5%),14,374.7549,
289,10404 (25%),24,611.8827,
289,20808 (50%),44,1112.5805,
289,31212 (75%),73,1593.2846,
290,5238 (12.5%),14,370.7590,
290,10476 (25%),24,616.9116,
290,20952 (50%),44,1104.1586,
290,31428 (75%),73,1602.5641,
291,5274 (12.5%),14,372.5116,
291,10548 (25%),24,621.2738,
291,21097 (50%),45,1117.6991,
291,31646 (75%),74,1625.8337,
292,5310 (12.5%),14,376.3914,
292,10621 (25%),24,656.1215,
292,21243 (50%),44,1265.3689,
292,31864 (75%),74,2027.4518,
293,5347 (12.5%),15,441.1852,
293,10694 (25%),24,689.4014,
293,21389 (50%),45,1286.7522,
293,32083 (75%),74,1830.2274,
294,5383 (12.5%),14,431.3397,
294,10767 (25%),24,880.6875,
294,21535 (50%),44,1415.1256,
294,32303 (75%),74,1848.4588,
295,5420 (12.5%),14,417.4728,
295,10841 (25%),24,699.5878,
295,21682 (50%),45,1283.0508,
295,32523 (75%),75,2065.7494,
296,5457 (12.5%),15,429.9338,
296,10915 (25%),25,793.2575,
296,21830 (50%),45,1382.4291,
296,32745 (75%),75,1800.6506,
297,5494 (12.5%),15,433.8017,
297,10989 (25%),24,709.5747,
297,21978 (50%),45,1288.2943,
297,32967 (75%),76,1849.9739,
298,5531 (12.5%),15,424.9191,
298,11063 (25%),24,722.5547,
298,22126 (50%),45,1196.9035,
298,33189 (75%),74,1808.2614,
299,5568 (12.5%),14,436.5802,
299,11137 (25%),25,672.6081,
299,22275 (50%),45,1300.1254,
299,33413 (75%),76,1754.2861,
300,5606 (12.5%),15,401.1459,
300,11212 (25%),25,731.6096,
300,22425 (50%),46,1333.4169,
300,33637 (75%),76,1817.3327,
301,5643 (12.5%),15,419.0073,
301,11287 (25%),24,731.3242,
301,22575 (50%),46,1247.4349,
301,33862 (75%),76,1910.4707,
302,5681 (12.5%),15,405.0643,
302,11362 (25%),25,687.5918,
302,22725 (50%),46,1312.8037,
302,34088 (75%),76,1895.9758,
303,5719 (12.5%),15,421.2992,
303,11438 (25%),24,695.5063,
303,22876 (50%),45,1273.7000,
303,34314 (75%),76,1929.6885,
304,5757 (12.5%),15,446.1019,
304,11514 (25%),25,730.7053,
304,23028 (50%),46,1313.0617,
304,34542 (75%),76,1970.6712,
305,5795 (12.5%),15,481.5395,
305,11590 (25%),25,708.9176,
305,23180 (50%),46,1253.5701,
305,34770 (75%),76,1845.0861,
306,5833 (12.5%),15,456.9342,
306,11666 (25%),25,767.6346,
306,23332 (50%),46,1662.4947,
306,34998 (75%),77,1867.5823,
307,5871 (12.5%),15,513.7820,
307,11742 (25%),25,731.6585,
307,23485 (50%),46,1266.5896,
307,35228 (75%),76,1858.1676,
308,5909 (12.5%),15,427.2671,
308,11819 (25%),25,709.4016,
308,23639 (50%),46,1278.1630,
308,35458 (75%),78,1854.0528,
309,5948 (12.5%),15,429.8348,
309,11896 (25%),25,716.2552,
309,23793 (50%),47,1282.9568,
309,35689 (75%),77,1861.8748,
310,5986 (12.5%),15,429.5738,
310,11973 (25%),25,723.4545,
310,23947 (50%),47,1296.1557,
310,35921 (75%),78,1873.7073,
311,6025 (12.5%),15,425.9527,
311,12051 (25%),25,731.4887,
311,24102 (50%),47,1296.0734,
311,36153 (75%),79,1880.2378,
312,6064 (12.5%),15,426.5368,
312,12129 (25%),25,724.7953,
312,24258 (50%),47,1323.9379,
312,36387 (75%),78,1916.8317,
313,6103 (12.5%),15,431.7319,
313,12207 (25%),25,732.2512,
313,24414 (50%),47,1314.5411,
313,36621 (75%),79,1913.8825,
314,6142 (12.5%),15,437.6099,
314,12285 (25%),25,740.0408,
314,24570 (50%),47,1345.2716,
314,36855 (75%),79,1927.5281,
315,6181 (12.5%),15,437.2046,
315,12363 (25%),25,740.6058,
315,24727 (50%),47,1333.7343,
315,37091 (75%),79,2098.7210,
316,6221 (12.5%),15,441.2069,
316,12442 (25%),25,746.1393,
316,24885 (50%),48,1345.4664,
316,37327 (75%),79,1988.7006,
317,6260 (12.5%),15,452.0993,
317,12521 (25%),25,761.9610,
317,25043 (50%),47,1380.5013,
317,37564 (75%),79,2001.3604,
318,6300 (12.5%),15,453.7303,
318,12600 (25%),25,770.6382,
318,25201 (50%),48,1381.6483,
318,37802 (75%),80,2026.7553,
319,6340 (12.5%),15,457.0987,
319,12680 (25%),25,778.3370,
319,25360 (50%),48,1392.7932,
319,38040 (75%),79,2000.8674,
320,6380 (12.5%),15,452.1823,
320,12760 (25%),26,769.6908,
320,25520 (50%),49,1381.6245,
320,38280 (75%),79,2005.4038,
321,6420 (12.5%),15,458.1690,
321,12840 (25%),25,772.1043,
321,25680 (50%),48,1388.0672,
321,38520 (75%),80,2023.1307,
322,6460 (12.5%),16,457.2456,
322,12920 (25%),26,773.9866,
322,25840 (50%),48,1395.4237,
322,38760 (75%),80,2035.5146,
323,6500 (12.5%),16,463.6433,
323,13000 (25%),26,776.7417,
323,26001 (50%),48,1404.2091,
323,39002 (75%),81,2050.6055,
324,6540 (12.5%),15,463.5110,
324,13081 (25%),26,781.8680,
324,26163 (50%),48,1413.4300,
324,39244 (75%),81,2060.7436,
325,6581 (12.5%),16,465.7948,
325,13162 (25%),26,792.3694,
325,26325 (50%),49,1429.3430,
325,39487 (75%),81,2082.3092,
326,6621 (12.5%),16,467.6526,
326,13243 (25%),26,797.5550,
326,26487 (50%),49,1431.6518,
326,39731 (75%),81,2091.6219,
327,6662 (12.5%),16,472.9669,
327,13325 (25%),26,796.8705,
327,26650 (50%),49,1443.4540,
327,39975 (75%),81,2107.9376,
328,6703 (12.5%),15,474.5848,
328,13407 (25%),26,804.7495,
328,26814 (50%),49,1454.7594,
328,40221 (75%),82,2117.9440,
329,6744 (12.5%),16,479.2943,
329,13489 (25%),26,814.4035,
329,26978 (50%),49,1479.8243,
329,40467 (75%),82,2130.9984,
330,6785 (12.5%),16,480.6471,
330,13571 (25%),26,815.1629,
330,27142 (50%),49,1476.6331,
330,40713 (75%),82,2157.2936,
331,6826 (12.5%),16,485.3933,
331,13653 (25%),26,816.8199,
331,27307 (50%),49,1484.4019,
331,40961 (75%),82,2163.4257,
332,6868 (12.5%),16,495.1890,
332,13736 (25%),26,848.2275,
332,27473 (50%),50,1527.7400,
332,41209 (75%),82,2232.0430,
333,6909 (12.5%),16,495.0843,
333,13819 (25%),27,854.1949,
333,27639 (50%),50,1541.5819,
333,41458 (75%),82,2248.5571,
334,6951 (12.5%),16,498.8685,
334,13902 (25%),27,855.7451,
334,27805 (50%),50,1551.4562,
334,41708 (75%),82,2259.1279,
335,6993 (12.5%),16,492.4300,
335,13986 (25%),26,851.0566,
335,27972 (50%),50,1526.1762,
335,41958 (75%),83,2220.2325,
336,7035 (12.5%),16,500.2658,
336,14070 (25%),26,843.2324,
336,28140 (50%),50,1541.5390,
336,42210 (75%),83,2235.9657,
337,7077 (12.5%),16,498.8964,
337,14154 (25%),27,850.7981,
337,28308 (50%),50,1559.7632,
337,42462 (75%),83,2515.9106,
338,7119 (12.5%),16,565.2514,
338,14238 (25%),27,926.8732,
338,28476 (50%),50,1942.9700,
338,42714 (75%),83,2511.8096,
339,7161 (12.5%),16,802.0024,
339,14322 (25%),26,965.1628,
339,28645 (50%),50,1943.3231,
339,42968 (75%),84,2575.2110,
340,7203 (12.5%),16,552.9678,
340,14407 (25%),27,933.4371,
340,28815 (50%),51,1842.2642,
340,43222 (75%),85,2794.1935,
341,7246 (12.5%),16,619.4847,
341,14492 (25%),27,944.5062,
341,28985 (50%),51,1641.1865,
341,43477 (75%),84,2820.7257,
342,7288 (12.5%),16,662.7891,
342,14577 (25%),27,918.9184,
342,29155 (50%),50,1783.5705,
342,43733 (75%),84,2593.4312,
343,7331 (12.5%),16,561.1153,
343,14663 (25%),27,960.1123,
343,29326 (50%),51,2089.5960,
343,43989 (75%),85,2637.0053,
344,7374 (12.5%),16,618.5915,
344,14749 (25%),28,1043.9677,
344,29498 (50%),51,1823.5128,
344,44247 (75%),85,2634.3262,
345,7417 (12.5%),16,591.8627,
345,14835 (25%),27,960.5329,
345,29670 (50%),51,1710.5625,
345,44505 (75%),85,2566.6552,
346,7460 (12.5%),16,551.9257,
346,14921 (25%),27,994.6995,
346,29842 (50%),51,1750.6196,
346,44763 (75%),86,2534.7862,
347,7503 (12.5%),16,551.6067,
347,15007 (25%),27,1031.8279,
347,30015 (50%),51,1746.3894,
347,45023 (75%),85,2628.2206,
348,7547 (12.5%),16,637.2366,
348,15094 (25%),27,970.0196,
348,30189 (50%),51,1871.5792,
348,45283 (75%),86,2585.3786,
349,7590 (12.5%),16,595.8781,
349,15181 (25%),28,1004.2338,
349,30363 (50%),51,1741.1981,
349,45544 (75%),85,2596.6258,
350,7634 (12.5%),16,643.0404,
350,15268 (25%),28,970.6764,
350,30537 (50%),51,1779.0320,
350,45806 (75%),85,2598.4724,
351,7678 (12.5%),17,603.8373,
351,15356 (25%),28,1094.6162,
351,30712 (50%),52,1922.6823,
351,46068 (75%),87,2615.1998,
352,7722 (12.5%),17,658.5937,
352,15444 (25%),28,1049.2210,
352,30888 (50%),52,1922.9198,
352,46332 (75%),87,2794.3621,
353,7766 (12.5%),17,647.2526,
353,15532 (25%),28,1102.8686,
353,31064 (50%),52,1851.9201,
353,46596 (75%),87,2768.6133,
354,7810 (12.5%),16,599.5712,
354,15620 (25%),27,1058.4500,
354,31240 (50%),52,1870.6160,
354,46860 (75%),87,2902.2553,
355,7854 (12.5%),17,612.8132,
355,15708 (25%),28,1100.9955,
355,31417 (50%),52,1801.6968,
355,47126 (75%),87,2641.2044,
356,7898 (12.5%),17,579.8414,
356,15797 (25%),28,1046.5202,
356,31595 (50%),53,1834.6989,
356,47392 (75%),87,2774.3275,
357,7943 (12.5%),17,618.7687,
357,15886 (25%),28,1068.4643,
357,31773 (50%),52,1779.4006,
357,47659 (75%),87,2602.4895,
358,7987 (12.5%),17,578.3165,
358,15975 (25%),28,1032.6619,
358,31951 (50%),52,2014.7429,
358,47927 (75%),87,3252.8546,
359,8032 (12.5%),16,756.9849,
359,16065 (25%),28,1035.0654,
359,32130 (50%),53,1850.3878,
359,48195 (75%),88,2700.3446,
360,8077 (12.5%),17,588.7663,
360,16155 (25%),28,1016.7904,
360,32310 (50%),53,1846.8425,
360,48465 (75%),87,3277.4577,
361,8122 (12.5%),17,819.1156,
361,16245 (25%),28,1395.1120,
361,32490 (50%),53,2284.6839,
361,48735 (75%),88,3425.8144,
362,8167 (12.5%),17,604.7399,
362,16335 (25%),28,1244.6582,
362,32670 (50%),53,2087.8131,
362,49005 (75%),89,2947.6810,
363,8212 (12.5%),17,623.8177,
363,16425 (25%),28,1041.5792,
363,32851 (50%),53,2025.8226,
363,49277 (75%),88,2779.4228,
364,8258 (12.5%),17,669.3912,
364,16516 (25%),28,1106.0622,
364,33033 (50%),54,1944.0398,
364,49549 (75%),89,3053.1933,
365,8303 (12.5%),17,626.2882,
365,16607 (25%),29,1059.8595,
365,33215 (50%),54,2018.1532,
365,49822 (75%),88,2870.8630,
366,8349 (12.5%),17,628.0162,
366,16698 (25%),28,1063.3795,
366,33397 (50%),53,1952.6699,
366,50096 (75%),89,2878.2437,
367,8395 (12.5%),17,622.2506,
367,16790 (25%),29,1112.2375,
367,33580 (50%),54,1978.5061,
367,50370 (75%),89,2919.7078,
368,8441 (12.5%),17,665.1907,
368,16882 (25%),28,1103.9870,
368,33764 (50%),54,2017.4515,
368,50646 (75%),89,2757.2474,
369,8487 (12.5%),17,593.3120,
369,16974 (25%),29,1051.1022,
369,33948 (50%),54,1883.4884,
369,50922 (75%),89,3245.9805,
370,8533 (12.5%),17,603.9293,
370,17066 (25%),29,1084.5211,
370,34132 (50%),54,2016.8099,
370,51198 (75%),89,2982.7950,
371,8579 (12.5%),17,630.8939,
371,17158 (25%),28,1103.1651,
371,34317 (50%),54,2063.9989,
371,51476 (75%),89,3020.3211,
372,8625 (12.5%),17,636.5168,
372,17251 (25%),29,1089.1793,
372,34503 (50%),55,2049.3331,
372,51754 (75%),90,3027.7243,
373,8672 (12.5%),17,642.7186,
373,17344 (25%),29,1122.9308,
373,34689 (50%),54,2035.0556,
373,52033 (75%),90,3198.8535,
374,8718 (12.5%),17,776.6721,
374,17437 (25%),29,1209.6329,
374,34875 (50%),54,2101.1901,
374,52313 (75%),91,3126.1532,
375,8765 (12.5%),17,674.1400,
375,17531 (25%),29,1218.5028,
375,35062 (50%),55,2061.1570,
375,52593 (75%),91,3262.8953,
376,8812 (12.5%),17,648.8011,
376,17625 (25%),29,1225.9178,
376,35250 (50%),54,2093.8702,
376,52875 (75%),91,3125.7489,
377,8859 (12.5%),18,678.4089,
377,17719 (25%),29,1120.3053,
377,35438 (50%),55,2119.5214,
377,53157 (75%),92,3148.6325,
378,8906 (12.5%),17,689.7762,
378,17813 (25%),29,1145.0889,
378,35626 (50%),55,2177.1114,
378,53439 (75%),92,3358.0334,
379,8953 (12.5%),18,647.8157,
379,17907 (25%),29,1128.7086,
379,35815 (50%),55,2130.4915,
379,53723 (75%),92,3130.6338,
380,9001 (12.5%),17,702.3113,
380,18002 (25%),30,1168.4384,
380,36005 (50%),54,2366.4432,
380,54007 (75%),92,3139.6844,
381,9048 (12.5%),18,750.6249,
381,18097 (25%),29,1239.7475,
381,36195 (50%),55,2088.9904,
381,54292 (75%),92,3050.1909,
382,9096 (12.5%),18,663.5799,
382,18192 (25%),30,1143.7836,
382,36385 (50%),55,2113.8971,
382,54578 (75%),92,3566.3126,
383,9144 (12.5%),18,680.4709,
383,18288 (25%),30,1689.8878,
383,36576 (50%),55,2290.4060,
383,54864 (75%),92,3858.4199,
384,9192 (12.5%),17,772.9070,
384,18384 (25%),29,1313.2424,
384,36768 (50%),55,2123.7631,
384,55152 (75%),93,3093.4625,
385,9240 (12.5%),17,663.3546,
385,18480 (25%),29,1152.1585,
385,36960 (50%),56,2177.7945,
385,55440 (75%),93,3216.0563,
386,9288 (12.5%),18,668.8671,
386,18576 (25%),29,1162.0057,
386,37152 (50%),56,2417.7096,
386,55728 (75%),93,3100.5368,
387,9336 (12.5%),17,673.8307,
387,18672 (25%),30,1168.4515,
387,37345 (50%),56,2180.1167,
387,56018 (75%),93,3264.7164,
388,9384 (12.5%),18,733.2740,
388,18769 (25%),30,1257.0047,
388,37539 (50%),56,2415.9553,
388,56308 (75%),93,3490.5529,
389,9433 (12.5%),18,709.1885,
389,18866 (25%),30,1219.7976,
389,37733 (50%),56,2539.2356,
389,56599 (75%),95,3396.3225,
390,9481 (12.5%),18,760.1869,
390,18963 (25%),30,1270.5829,
390,37927 (50%),57,2368.4034,
390,56891 (75%),94,3615.1662,
391,9530 (12.5%),18,665.0031,
391,19061 (25%),30,1187.0222,
391,38122 (50%),56,2177.7563,
391,57183 (75%),94,3719.5864,
392,9579 (12.5%),18,799.0370,
392,19159 (25%),30,1277.6964,
392,38318 (50%),56,2407.7384,
392,57477 (75%),95,3376.9307,
393,9628 (12.5%),18,750.5074,
393,19257 (25%),30,1417.8667,
393,38514 (50%),57,2483.1834,
393,57771 (75%),96,3435.3380,
394,9677 (12.5%),18,717.5283,
394,19355 (25%),30,1273.9437,
394,38710 (50%),57,2182.6849,
394,58065 (75%),95,3229.1410,
395,9726 (12.5%),18,715.3134,
395,19453 (25%),30,1265.4309,
395,38907 (50%),57,2301.5902,
395,58361 (75%),96,3388.7291,
396,9776 (12.5%),18,719.2087,
396,19552 (25%),30,1245.0604,
396,39105 (50%),57,2279.7587,
396,58657 (75%),96,3336.8342,
397,9825 (12.5%),18,727.6514,
397,19651 (25%),31,1249.8848,
397,39303 (50%),58,2280.6346,
397,58954 (75%),96,3354.8076,
398,9875 (12.5%),18,713.4771,
398,19750 (25%),30,1256.2399,
398,39501 (50%),57,2293.0868,
398,59252 (75%),95,3395.6084,
399,9925 (12.5%),18,726.0623,
399,19850 (25%),31,1250.6914,
399,39700 (50%),58,2299.6070,
399,59550 (75%),97,3381.6607,
400,9975 (12.5%),18,720.6264,
400,19950 (25%),30,1250.6058,
400,39900 (50%),58,2300.9424,
400,59850 (75%),97,3407.7635,
401,10025 (12.5%),18,726.5997,
401,20050 (25%),31,1271.5747,
401,40100 (50%),58,2508.4562,
401,60150 (75%),96,3785.6991,
402,10075 (12.5%),18,779.2494,
402,20150 (25%),30,1298.6953,
402,40300 (50%),58,2570.5583,
402,60450 (75%),96,3729.8200,
403,10125 (12.5%),18,844.7127,
403,20250 (25%),31,1332.0537,
403,40501 (50%),58,2612.0470,
403,60752 (75%),97,3784.1167,
404,10175 (12.5%),18,753.2032,
404,20351 (25%),31,1436.9090,
404,40703 (50%),58,2555.1851,
404,61054 (75%),97,4083.9150,
405,10226 (12.5%),18,859.7777,
405,20452 (25%),31,1339.7202,
405,40905 (50%),57,2549.1066,
405,61357 (75%),98,3756.2289,
406,10276 (12.5%),18,727.5746,
406,20553 (25%),31,1272.0506,
406,41107 (50%),59,2527.1533,
406,61661 (75%),98,3751.4825,
407,10327 (12.5%),18,765.7502,
407,20655 (25%),31,1405.0398,
407,41310 (50%),58,2748.1627,
407,61965 (75%),98,3731.5123,
408,10378 (12.5%),18,820.1480,
408,20757 (25%),31,1298.1155,
408,41514 (50%),59,2473.5608,
408,62271 (75%),97,3878.8786,
409,10429 (12.5%),18,904.1364,
409,20859 (25%),31,1418.2098,
409,41718 (50%),57,2546.6864,
409,62577 (75%),98,3948.3604,
410,10480 (12.5%),18,755.0669,
410,20961 (25%),31,1389.5268,
410,41922 (50%),59,2539.5844,
410,62883 (75%),98,3756.4912,
411,10531 (12.5%),18,775.5988,
411,21063 (25%),31,1413.2116,
411,42127 (50%),59,2500.4334,
411,63191 (75%),99,4234.0224,
412,10583 (12.5%),19,907.1832,
412,21166 (25%),31,1645.6242,
412,42333 (50%),59,2557.1196,
412,63499 (75%),99,4285.4233,
413,10634 (12.5%),19,1087.6904,
413,21269 (25%),31,2099.0386,
413,42539 (50%),58,2647.7926,
413,63808 (75%),99,4129.8678,
414,10686 (12.5%),19,868.6850,
414,21372 (25%),31,1479.3780,
414,42745 (50%),59,2573.9367,
414,64118 (75%),99,4045.5186,
415,10738 (12.5%),18,881.0182,
415,21476 (25%),31,1410.5530,
415,42952 (50%),59,3191.5736,
415,64428 (75%),99,4156.1177,
416,10790 (12.5%),19,842.6914,
416,21580 (25%),31,1477.9451,
416,43160 (50%),59,2634.3043,
416,64740 (75%),99,4609.3071,
417,10842 (12.5%),19,1377.6383,
417,21684 (25%),31,1429.5559,
417,43368 (50%),59,3044.5044,
417,65052 (75%),98,4113.0052,
418,10894 (12.5%),19,802.6574,
418,21788 (25%),32,1486.2795,
418,43576 (50%),60,2634.1064,
418,65364 (75%),100,4507.4282,
419,10946 (12.5%),19,904.6974,
419,21892 (25%),32,1450.2933,
419,43785 (50%),60,2652.7994,
419,65678 (75%),100,4069.7157,
420,10998 (12.5%),19,856.0565,
420,21997 (25%),32,1508.5363,
420,43995 (50%),60,2696.3127,
420,65992 (75%),101,4020.3483,
421,11051 (12.5%),19,845.7420,
421,22102 (25%),32,1407.3606,
421,44205 (50%),60,2797.9090,
421,66307 (75%),100,3853.6928,
422,11103 (12.5%),19,803.5357,
422,22207 (25%),32,1444.0684,
422,44415 (50%),60,2904.9001,
422,66623 (75%),101,3779.3524,
423,11156 (12.5%),19,792.4755,
423,22313 (25%),31,1387.8000,
423,44626 (50%),60,2624.0683,
423,66939 (75%),101,3759.8715,
424,11209 (12.5%),19,795.3577,
424,22419 (25%),32,1400.2950,
424,44838 (50%),60,2569.5267,
424,67257 (75%),102,3770.4513,
425,11262 (12.5%),19,796.5634,
425,22525 (25%),32,1396.9986,
425,45050 (50%),60,2592.0181,
425,67575 (75%),100,3904.8963,
426,11315 (12.5%),19,810.3409,
426,22631 (25%),32,1404.9909,
426,45262 (50%),60,2575.9120,
426,67893 (75%),100,3825.7658,
427,11368 (12.5%),19,795.2061,
427,22737 (25%),32,1394.9034,
427,45475 (50%),60,2568.3517,
427,68213 (75%),101,3816.9825,
428,11422 (12.5%),19,793.9379,
428,22844 (25%),32,1404.9482,
428,45689 (50%),61,2597.5697,
428,68533 (75%),102,3845.6688,
429,11475 (12.5%),19,820.7026,
429,22951 (25%),32,1457.2887,
429,45903 (50%),61,2613.5638,
429,68854 (75%),103,3833.4959,
430,11529 (12.5%),19,805.9525,
430,23058 (25%),32,1419.0698,
430,46117 (50%),61,2577.1501,
430,69176 (75%),103,3817.7714,
431,11583 (12.5%),19,793.8194,
431,23166 (25%),32,1400.7454,
431,46332 (50%),61,2652.1740,
431,69498 (75%),103,3841.3301,
432,11637 (12.5%),19,806.2544,
432,23274 (25%),31,1423.7037,
432,46548 (50%),61,2612.1783,
432,69822 (75%),102,3871.3160,
433,11691 (12.5%),19,806.7806,
433,23382 (25%),32,1428.1020,
433,46764 (50%),61,2620.4700,
433,70146 (75%),103,3975.1039,
434,11745 (12.5%),19,815.3939,
434,23490 (25%),32,1422.8432,
434,46980 (50%),61,2604.2271,
434,70470 (75%),103,3956.2972,
435,11799 (12.5%),19,808.3198,
435,23598 (25%),32,1422.4622,
435,47197 (50%),62,2609.1671,
435,70796 (75%),104,3851.8829,
436,11853 (12.5%),19,958.6084,
436,23707 (25%),32,1448.8842,
436,47415 (50%),61,2662.6425,
436,71122 (75%),103,3932.4915,
437,11908 (12.5%),19,822.6564,
437,23816 (25%),33,1488.1554,
437,47633 (50%),62,2616.3180,
437,71449 (75%),104,3879.4453,
438,11962 (12.5%),19,817.8654,
438,23925 (25%),32,1431.9251,
438,47851 (50%),62,2636.8206,
438,71777 (75%),105,3910.1861,
439,12017 (12.5%),19,815.7933,
439,24035 (25%),33,1433.9147,
439,48070 (50%),62,2769.5959,
439,72105 (75%),103,4063.1049,
440,12072 (12.5%),19,842.4499,
440,24145 (25%),33,1467.4110,
440,48290 (50%),61,2715.3139,
440,72435 (75%),104,4648.6506,
441,12127 (12.5%),19,1411.2175,
441,24255 (25%),33,2251.6668,
441,48510 (50%),63,3510.6111,
441,72765 (75%),104,4909.9529,
442,12182 (12.5%),19,1098.9628,
442,24365 (25%),32,1833.6134,
442,48730 (50%),62,3073.1058,
442,73095 (75%),105,4325.4905,
443,12237 (12.5%),19,855.9160,
443,24475 (25%),33,1503.0975,
443,48951 (50%),62,2748.9884,
443,73427 (75%),106,4041.4391,
444,12293 (12.5%),19,847.9877,
444,24586 (25%),33,1498.2312,
444,49173 (50%),62,2751.7691,
444,73759 (75%),106,4065.2175,
445,12348 (12.5%),19,843.6143,
445,24697 (25%),33,1499.7854,
445,49395 (50%),63,2786.5160,
445,74092 (75%),105,4809.4542,
446,12404 (12.5%),20,930.0950,
446,24808 (25%),33,1661.4070,
446,49617 (50%),63,3151.6712,
446,74426 (75%),106,4283.0677,
447,12460 (12.5%),20,906.1813,
447,24920 (25%),33,1606.6051,
447,49840 (50%),63,2916.9424,
447,74760 (75%),105,4260.5126,
448,12516 (12.5%),20,886.1225,
448,25032 (25%),33,1552.2380,
448,50064 (50%),64,2888.6073,
448,75096 (75%),106,4589.8690,
449,12572 (12.5%),20,894.1364,
449,25144 (25%),33,1576.3228,
449,50288 (50%),63,2919.4353,
449,75432 (75%),105,4515.1162,
450,12628 (12.5%),19,941.1139,
450,25256 (25%),33,1576.0527,
450,50512 (50%),63,3063.1382,
450,75768 (75%),106,4330.5483,
451,12684 (12.5%),20,897.5370,
451,25368 (25%),33,1584.8517,
451,50737 (50%),63,2935.6151,
451,76106 (75%),107,4329.2718,
452,12740 (12.5%),20,888.7568,
452,25481 (25%),33,1766.8076,
452,50963 (50%),64,3117.9368,
452,76444 (75%),106,4600.0204,
453,12797 (12.5%),20,970.3727,
453,25594 (25%),33,1786.2327,
453,51189 (50%),63,3286.4313,
453,76783 (75%),107,4721.1900,
454,12853 (12.5%),20,1089.6633,
454,25707 (25%),33,2001.4586,
454,51415 (50%),64,3442.5535,
454,77123 (75%),107,5134.3431,
455,12910 (12.5%),20,1084.4221,
455,25821 (25%),34,1837.0445,
455,51642 (50%),64,3124.4698,
455,77463 (75%),107,4668.5686,
456,12967 (12.5%),20,984.7493,
456,25935 (25%),33,1731.5562,
456,51870 (50%),64,3621.2647,
456,77805 (75%),107,5061.0397,
457,13024 (12.5%),20,1041.9888,
457,26049 (25%),34,2066.7012,
457,52098 (50%),64,3073.5037,
457,78147 (75%),108,4711.2052,
458,13081 (12.5%),20,952.1618,
458,26163 (25%),34,1860.2159,
458,52326 (50%),65,3257.2865,
458,78489 (75%),108,4990.3231,
459,13138 (12.5%),20,945.5135,
459,26277 (25%),34,1676.8515,
459,52555 (50%),65,3129.2183,
459,78833 (75%),107,4593.4105,
460,13196 (12.5%),20,968.2524,
460,26392 (25%),34,1661.4814,
460,52785 (50%),65,3185.7970,
460,79177 (75%),109,4834.9309,
461,13253 (12.5%),20,1079.8757,
461,26507 (25%),34,1867.7304,
461,53015 (50%),64,3397.2950,
461,79522 (75%),109,4893.4696,
462,13311 (12.5%),20,1044.3082,
462,26622 (25%),34,1987.1278,
462,53245 (50%),65,3407.3679,
462,79868 (75%),109,4918.0317,
463,13369 (12.5%),20,985.3137,
463,26738 (25%),34,1719.1508,
463,53476 (50%),65,3315.1863,
463,80214 (75%),109,4704.4005,
464,13427 (12.5%),20,972.5468,
464,26854 (25%),34,1786.6926,
464,53708 (50%),65,3281.2438,
464,80562 (75%),110,4759.5024,
465,13485 (12.5%),20,959.5945,
465,26970 (25%),34,1721.5476,
465,53940 (50%),65,3108.9859,
465,80910 (75%),110,4974.2427,
466,13543 (12.5%),20,1007.8881,
466,27086 (25%),34,1840.7221,
466,54172 (50%),65,3238.3802,
466,81258 (75%),110,5816.6625,
467,13601 (12.5%),20,1023.7479,
467,27202 (25%),34,1936.4758,
467,54405 (50%),65,3291.1618,
467,81608 (75%),110,5036.0005,
468,13659 (12.5%),20,1047.3475,
468,27319 (25%),35,1990.4442,
468,54639 (50%),66,3395.0949,
468,81958 (75%),110,5059.0849,
469,13718 (12.5%),20,1013.5727,
469,27436 (25%),34,1691.7939,
469,54873 (50%),66,3312.5405,
469,82309 (75%),111,4911.1931,
470,13776 (12.5%),20,991.1029,
470,27553 (25%),34,1820.6298,
470,55107 (50%),66,3347.8947,
470,82661 (75%),111,4944.5474,
471,13835 (12.5%),20,1036.3803,
471,27671 (25%),34,1782.2950,
471,55342 (50%),66,3268.6985,
471,83013 (75%),110,5018.0836,
472,13894 (12.5%),20,1000.6485,
472,27789 (25%),35,1836.0806,
472,55578 (50%),66,3262.2635,
472,83367 (75%),111,5155.1454,
473,13953 (12.5%),20,1048.1102,
473,27907 (25%),35,2014.8263,
473,55814 (50%),65,3348.7184,
473,83721 (75%),110,4928.9615,
474,14012 (12.5%),20,1003.7992,
474,28025 (25%),35,1990.5772,
474,56050 (50%),66,3435.2639,
474,84075 (75%),112,4913.5067,
475,14071 (12.5%),20,993.5119,
475,28143 (25%),35,1789.6576,
475,56287 (50%),66,3325.8295,
475,84431 (75%),112,4980.0043,
476,14131 (12.5%),20,1102.5486,
476,28262 (25%),35,1960.9523,
476,56525 (50%),66,3466.7289,
476,84787 (75%),112,5159.4574,
477,14190 (12.5%),21,1046.5481,
477,28381 (25%),35,1949.4448,
477,56763 (50%),66,3486.2759,
477,85144 (75%),111,5388.7825,
478,14250 (12.5%),20,1079.7510,
478,28500 (25%),35,1760.6659,
478,57001 (50%),67,3247.2792,
478,85502 (75%),113,4791.6045,
479,14310 (12.5%),21,983.5024,
479,28620 (25%),35,1751.2181,
479,57240 (50%),66,3215.1549,
479,85860 (75%),112,4801.5661,
480,14370 (12.5%),20,979.2597,
480,28740 (25%),35,1757.9687,
480,57480 (50%),66,3257.6509,
480,86220 (75%),112,4808.5666,
481,14430 (12.5%),20,984.1144,
481,28860 (25%),36,1754.0629,
481,57720 (50%),67,3255.7948,
481,86580 (75%),112,5198.4286,
482,14490 (12.5%),21,1520.4926,
482,28980 (25%),35,1917.6118,
482,57960 (50%),67,3744.2570,
482,86940 (75%),112,5517.1340,
483,14550 (12.5%),21,1245.9047,
483,29100 (25%),35,2097.1138,
483,58201 (50%),67,3901.3209,
483,87302 (75%),114,5750.4535,
484,14610 (12.5%),21,1106.2210,
484,29221 (25%),35,1996.5539,
484,58443 (50%),67,3754.7717,
484,87664 (75%),113,5583.9274,
485,14671 (12.5%),21,1162.1673,
485,29342 (25%),35,1926.4112,
485,58685 (50%),67,4173.9988,
485,88027 (75%),114,5853.3528,
486,14731 (12.5%),21,1038.4085,
486,29463 (25%),35,1815.5825,
486,58927 (50%),67,3552.3756,
486,88391 (75%),113,5238.9195,
487,14792 (12.5%),20,1138.4275,
487,29585 (25%),36,2371.8512,
487,59170 (50%),67,4094.6002,
487,88755 (75%),114,6444.3355,
488,14853 (12.5%),21,1206.4183,
488,29707 (25%),36,2003.4356,
488,59414 (50%),67,4085.8510,
488,89121 (75%),114,5521.8790,
489,14914 (12.5%),21,1242.5730,
489,29829 (25%),36,2635.1609,
489,59658 (50%),68,4057.2145,
489,89487 (75%),114,6002.7974,
490,14975 (12.5%),21,1152.7371,
490,29951 (25%),35,2204.3180,
490,59902 (50%),68,4173.1725,
490,89853 (75%),115,5602.2396,
491,15036 (12.5%),21,1091.5332,
491,30073 (25%),35,2241.2102,
491,60147 (50%),68,3707.0527,
491,90221 (75%),115,5554.0793,
492,15098 (12.5%),21,1093.7324,
492,30196 (25%),36,2017.3757,
492,60393 (50%),68,3580.0874,
492,90589 (75%),115,5990.1533,
493,15159 (12.5%),21,1465.8027,
493,30319 (25%),36,2372.5159,
493,60639 (50%),68,3941.7534,
493,90958 (75%),115,6002.1629,
494,15221 (12.5%),21,1229.3303,
494,30442 (25%),36,2034.0800,
494,60885 (50%),69,3900.3048,
494,91328 (75%),115,5849.5624,
495,15283 (12.5%),21,1168.1104,
495,30566 (25%),36,2378.1679,
495,61132 (50%),69,4422.1790,
495,91698 (75%),115,5986.0070,
496,15345 (12.5%),21,1252.0957,
496,30690 (25%),35,2587.3747,
496,61380 (50%),69,3772.1994,
496,92070 (75%),117,5457.5317,
497,15407 (12.5%),21,1132.2794,
497,30814 (25%),36,1980.2437,
497,61628 (50%),68,4008.5776,
497,92442 (75%),114,5567.8954,
498,15469 (12.5%),21,1448.3109,
498,30938 (25%),36,1990.1898,
498,61876 (50%),69,4133.5223,
498,92814 (75%),117,5234.8521,
499,15531 (12.5%),21,1115.4206,
499,31062 (25%),36,1950.6006,
499,62125 (50%),69,4173.4841,
499,93188 (75%),117,5851.7814,
500,15593 (12.5%),21,1226.0637,
500,31187 (25%),36,2228.7383,
500,62375 (50%),69,3866.9481,
500,93562 (75%),117,5298.8510,
