Vertices / Edge %,12.5%,25%,50%,75%
4,0.010967254638671875,0.008026758829752604,0.00762939453125,0.0073909759521484375
5,0.008424123128255209,0.008503595987955729,0.013669331868489584,0.008900960286458334
6,0.008742014567057291,0.008662541707356771,0.010013580322265625,0.010728836059570312
7,0.010251998901367188,0.010410944620768229,0.010887781778971354,0.01239776611328125
8,0.011126200358072916,0.011682510375976562,0.012159347534179688,0.013907750447591146
9,0.012556711832682291,0.013033548990885416,0.019470850626627605,0.028371810913085938
10,0.01724561055501302,0.015576680501302084,0.019232432047526043,0.03234545389811198
11,0.017960866292317707,0.015338261922200521,0.026464462280273438,0.03631909688313802
12,0.018755594889322918,0.016768773396809895,0.015974044799804688,0.01804033915201823
13,0.013748804728190104,0.014861424763997396,0.016689300537109375,0.01915295918782552
14,0.015417734781901041,0.0171661376953125,0.018596649169921875,0.0209808349609375
15,0.015497207641601562,0.016530354817708332,0.019232432047526043,0.022093454996744793
16,0.016450881958007812,0.017801920572916668,0.021219253540039062,0.02487500508626302
17,0.017484029134114582,0.019311904907226562,0.023047129313151043,0.026226043701171875
18,0.018676122029622395,0.020503997802734375,0.025033950805664062,0.028928120930989582
19,0.01899401346842448,0.021219253540039062,0.025590260823567707,0.03139177958170573
20,0.019709269205729168,0.022093454996744793,0.027815500895182293,0.03504753112792969
21,0.021457672119140625,0.024080276489257812,0.029246012369791668,0.03512700398763021
22,0.022649765014648438,0.025510787963867188,0.03139177958170573,0.03822644551595052
23,0.02296765645345052,0.027338663736979168,0.03449122111002604,0.040690104166666664
24,0.024000803629557293,0.028212865193684895,0.036716461181640625,0.041961669921875
25,0.02574920654296875,0.02868970235188802,0.048160552978515625,0.0453790028889974
26,0.026305516560872395,0.03186861673990885,0.0400543212890625,0.04776318868001302
27,0.028053919474283855,0.03266334533691406,0.04140535990397135,0.05078315734863281
28,0.029246012369791668,0.044345855712890625,0.04498163859049479,0.0557104746500651
29,0.030755996704101562,0.034809112548828125,0.04553794860839844,0.055631001790364586
30,0.030517578125,0.03616015116373698,0.04887580871582031,0.05888938903808594
31,0.031789143880208336,0.03743171691894531,0.05141894022623698,0.0629425048828125
32,0.032901763916015625,0.03997484842936198,0.0530083974202474,0.06620089213053386
33,0.03449122111002604,0.040372212727864586,0.051975250244140625,0.064849853515625
34,0.03504753112792969,0.04021326700846354,0.05602836608886719,0.0762939453125
35,0.03639856974283854,0.058492024739583336,0.05833307902018229,0.07557868957519531
36,0.040372212727864586,0.04760424296061198,0.06182988484700521,0.07875760396321614
37,0.03870328267415365,0.04649162292480469,0.06620089213053386,0.08161862691243489
38,0.04013379414876302,0.04951159159342448,0.06723403930664062,0.087738037109375
39,0.04100799560546875,0.05133946736653646,0.07120768229166667,0.09012222290039062
40,0.04307428995768229,0.052769978841145836,0.07621447245279948,0.09409586588541667
41,0.043392181396484375,0.054677327473958336,0.07653236389160156,0.09497006734212239
42,0.044345855712890625,0.0568230946858724,0.07685025533040364,0.09957949320475261
43,0.04673004150390625,0.059763590494791664,0.07939338684082031,0.10498364766438802
44,0.04657109578450521,0.058492024739583336,0.08408228556315105,0.1079241434733073
45,0.04871686299641927,0.06222724914550781,0.08686383565266927,0.11467933654785156
46,0.05014737447102865,0.06206830342610677,0.09433428446451823,0.11785825093587239
47,0.05237261454264323,0.06524721781412761,0.09282430013020833,0.1209576924641927
48,0.05269050598144531,0.06858507792154948,0.09655952453613281,0.1247723897298177
49,0.052928924560546875,0.06930033365885417,0.09957949320475261,0.12532869974772134
50,0.051975250244140625,0.0675519307454427,0.09934107462565105,0.13589859008789062
51,0.057697296142578125,0.07263819376627605,0.10840098063151042,0.13685226440429688
52,0.057697296142578125,0.07462501525878906,0.1087188720703125,0.13979276021321616
53,0.05928675333658854,0.10124842325846355,0.11006991068522136,0.15433629353841147
54,0.06087621053059896,0.08042653401692708,0.11603037516276042,0.15664100646972656
55,0.06103515625,0.08138020833333333,0.11801719665527344,0.15473365783691406
56,0.06389617919921875,0.0820159912109375,0.12294451395670573,0.1655419667561849
57,0.06532669067382812,0.08630752563476562,0.12946128845214844,0.1652240753173828
58,0.06763140360514323,0.08654594421386719,0.12596448262532553,0.17245610555013022
59,0.06914138793945312,0.09147326151529948,0.13860066731770834,0.18548965454101562
60,0.07096926371256511,0.09377797444661458,0.14503796895345053,0.1903374989827474
61,0.07319450378417969,0.09552637736002605,0.14003117879231772,0.19534428914388022
62,0.07255872090657552,0.09679794311523438,0.14630953470865884,0.19582112630208334
63,0.07351239522298177,0.09846687316894531,0.1452763875325521,0.20043055216471353
64,0.07581710815429688,0.10196367899576823,0.16959508260091147,0.20472208658854166
65,0.0754992167154948,0.10275840759277344,0.15242894490559897,0.209808349609375
66,0.07955233256022136,0.10665257771809895,0.1644293467203776,0.21847089131673178
67,0.08114178975423177,0.10832150777180989,0.16013781229654947,0.22323926289876303
68,0.08241335550944011,0.11150042215983073,0.1713434855143229,0.23253758748372397
69,0.08408228556315105,0.11221567789713542,0.17031033833821616,0.23404757181803384
70,0.08559226989746094,0.11610984802246094,0.179290771484375,0.2384185791015625
71,0.09934107462565105,0.11785825093587239,0.18199284871419272,0.24962425231933594
72,0.0904401143391927,0.12445449829101562,0.18819173177083334,0.2601941426595052
73,0.08861223856608073,0.12969970703125,0.1957416534423828,0.25733311971028644
74,0.09131431579589844,0.12485186258951823,0.20122528076171875,0.2759297688802083
75,0.0926653544108073,0.133514404296875,0.20019213358561197,0.2760887145996094
76,0.09417533874511719,0.13240178426106772,0.21751721700032553,0.28713544209798175
77,0.09624163309733073,0.1350243886311849,0.20972887674967447,0.2815723419189453
78,0.10077158610026042,0.13669331868489584,0.21537144978841147,0.2988179524739583
79,0.1010894775390625,0.14416376749674478,0.2189477284749349,0.2981821695963542
80,0.10164578755696614,0.1552104949951172,0.2177556355794271,0.3055731455485026
81,0.10855992635091145,0.15354156494140625,0.22872289021809897,0.3173351287841797
82,0.10800361633300781,0.14932950337727866,0.23015340169270834,0.330050786336263
83,0.1125335693359375,0.1499652862548828,0.23555755615234375,0.330050786336263
84,0.11698404947916667,0.16125043233235678,0.2445379892985026,0.3275076548258464
85,0.11507670084635417,0.15624364217122397,0.24588902791341147,0.33553441365559894
86,0.11380513509114583,0.15783309936523438,0.25645891825358075,0.34809112548828125
87,0.12580553690592447,0.16307830810546875,0.25455156962076825,0.360409418741862
88,0.11841456095377605,0.17754236857096353,0.2696514129638672,0.375668207804362
89,0.12294451395670573,0.186920166015625,0.2735455830891927,0.379641850789388
90,0.11897087097167969,0.17444292704264322,0.2694129943847656,0.38305918375651044
91,0.12826919555664062,0.18143653869628906,0.2835591634114583,0.38552284240722656
92,0.12230873107910156,0.18628438313802084,0.28316179911295575,0.3942648569742839
93,0.1327991485595703,0.18310546875,0.28705596923828125,0.41556358337402344
94,0.1304149627685547,0.18779436747233072,0.29341379801432294,0.402371088663737
95,0.13812383015950522,0.19772847493489584,0.29651323954264325,0.431060791015625
96,0.14130274454752603,0.19160906473795572,0.30549367268880206,0.42748451232910156
97,0.1342296600341797,0.19629796346028647,0.30692418416341144,0.42891502380371094
98,0.13868014017740884,0.20202000935872397,0.31185150146484375,0.4342397054036458
99,0.13740857442220053,0.20122528076171875,0.31884511311848956,0.4543463389078776
100,0.13828277587890625,0.20074844360351562,0.3284613291422526,0.46261151631673175
101,0.14217694600423178,0.2152125040690104,0.3472169240315755,0.46443939208984375
102,0.1483758290608724,0.21266937255859375,0.3337860107421875,0.48160552978515625
103,0.148773193359375,0.21799405415852866,0.34038225809733075,0.48065185546875
104,0.14940897623697916,0.22403399149576822,0.34737586975097656,0.490109125773112
105,0.15044212341308594,0.22983551025390625,0.34817059834798175,0.5197525024414062
106,0.1652240753173828,0.2281665802001953,0.36724408467610675,0.5253156026204427
107,0.15997886657714844,0.22681554158528647,0.3635088602701823,0.5114078521728516
108,0.17213821411132812,0.23142496744791666,0.3731250762939453,0.5245208740234375
109,0.15823046366373697,0.24008750915527344,0.38242340087890625,0.5442301432291666
110,0.15910466512044272,0.2388159434000651,0.39275487263997394,0.549157460530599
111,0.16983350118001303,0.2456506093343099,0.3902117411295573,0.5523363749186198
112,0.17189979553222656,0.2683003743489583,0.41174888610839844,0.5777676900227865
113,0.17468134562174478,0.27290980021158856,0.41977564493815106,0.5754629770914713
114,0.17380714416503906,0.2555052439371745,0.4047552744547526,0.6299018859863281
115,0.17730394999186197,0.27108192443847656,0.4170735677083333,0.6010532379150391
116,0.1751581827799479,0.2581278483072917,0.44035911560058594,0.6040732065836588
117,0.18008550008138022,0.2709229787190755,0.44218699137369794,0.6100336710611979
118,0.18994013468424478,0.2721150716145833,0.44647852579752606,0.633080800374349
119,0.21823247273763022,0.2830823262532552,0.4495779673258464,0.6325244903564453
120,0.18938382466634116,0.2765655517578125,0.45553843180338544,0.6352265675862631
121,0.19184748331705728,0.2886454264322917,0.4531542460123698,0.6140867869059244
122,0.1910527547200521,0.28204917907714844,0.47771135965983075,0.6775061289469401
123,0.19518534342447916,0.2906322479248047,0.46054522196451825,0.6630420684814453
124,0.19741058349609375,0.30032793680826825,0.475009282430013,0.6744066874186198
125,0.2005894978841146,0.29158592224121094,0.490109125773112,0.686804453531901
126,0.19852320353190103,0.3115336100260417,0.4951953887939453,0.7010300954182943
127,0.20972887674967447,0.3007253011067708,0.49495697021484375,0.7194677988688151
128,0.20297368367513022,0.3065268198649089,0.5197525024414062,0.721136728922526
129,0.21036465962727866,0.3096262613932292,0.5234877268473307,0.7391770680745443
130,0.22077560424804688,0.31113624572753906,0.5180835723876953,0.7503032684326172
131,0.20901362101236978,0.3170172373453776,0.5344549814860026,0.7483959197998047
132,0.21839141845703125,0.324249267578125,0.5439917246500651,0.7704893747965494
133,0.22308031717936197,0.3247261047363281,0.5412896474202474,0.7782777150472006
134,0.2231597900390625,0.32973289489746094,0.5582968393961588,0.7750988006591797
135,0.22427241007486978,0.3484090169270833,0.5665620168050131,0.7979869842529297
136,0.24779637654622397,0.3388722737630208,0.5640188852945963,0.8029143015543619
137,0.2315044403076172,0.3497600555419922,0.5795955657958984,0.8052190144856771
138,0.23182233174641928,0.3476142883300781,0.5766550699869791,0.8391539255777994
139,0.22037823994954428,0.3476142883300781,0.5915959676106771,0.8438428243001302
140,0.2372264862060547,0.3580252329508464,0.5928675333658854,0.8401075998942057
141,0.24549166361490884,0.3745555877685547,0.6152788798014323,0.8644262949625651
142,0.24994214375813803,0.37225087483723956,0.6124973297119141,0.8670488993326823
143,0.24390220642089844,0.3743966420491536,0.6341139475504557,0.8932749430338541
144,0.2486705780029297,0.3848075866699219,0.6380081176757812,0.9237925211588541
145,0.2605120340983073,0.377655029296875,0.6378491719563802,0.9183088938395182
146,0.26154518127441406,0.3865559895833333,0.6492932637532552,0.9212493896484375
147,0.2631346384684245,0.39839744567871094,0.648657480875651,0.9147326151529948
148,0.2600351969401042,0.3929932912190755,0.6672541300455729,0.9331703186035156
149,0.26686986287434894,0.40411949157714844,0.6811618804931641,0.9504159291585287
150,0.2676645914713542,0.4146893819173177,0.6842613220214844,0.9411176045735677
151,0.27171770731608075,0.3974437713623047,0.6790955861409506,0.9670257568359375
152,0.2677440643310547,0.4173119862874349,0.6974538167317709,0.9787082672119141
153,0.2709229787190755,0.4132588704427083,0.7016658782958984,0.9969870249430338
154,0.27378400166829425,0.4127025604248047,0.7101694742838541,1.0139147440592449
155,0.27632713317871094,0.4386107126871745,0.7160504659016927,1.0259946187337239
156,0.2814928690592448,0.4457632700602214,0.7483164469401041,1.0393460591634114
157,0.28626124064127606,0.44528643290201825,0.724633534749349,1.039425532023112
158,0.286102294921875,0.4387696584065755,0.7384618123372396,1.0721683502197266
159,0.28506914774576825,0.4463990529378255,0.7512569427490234,1.0630289713541667
160,0.2846717834472656,0.45744578043619794,0.7733503977457682,1.1037190755208333
161,0.30231475830078125,0.4490216573079427,0.7622241973876953,1.0937849680582683
162,0.2910296122233073,0.4470348358154297,0.7914702097574869,1.123348871866862
163,0.3050963083902995,0.47596295674641925,0.7873376210530599,1.119693120320638
164,0.29850006103515625,0.4649162292480469,0.7955233256022135,1.129150390625
165,0.3077983856201172,0.4798571268717448,0.8169809977213541,1.1338392893473308
166,0.30875205993652344,0.478665033976237,0.8166631062825521,1.1542638142903645
167,0.3200372060139974,0.4812876383463542,0.8311271667480469,1.1594295501708984
168,0.3238519032796224,0.4883607228597005,0.8254845937093099,1.1974175771077473
169,0.3238519032796224,0.5015532175699869,0.8420944213867188,1.215060551961263
170,0.32401084899902344,0.494082768758138,0.8664925893147787,1.2687842051188152
171,0.32409032185872394,0.5121231079101562,0.8691946665445963,1.2158552805582683
172,0.3256003061930339,0.5078315734863281,0.8650620778401693,1.2435118357340496
173,0.3331502278645833,0.5080699920654297,0.8700688680013021,1.2447834014892578
174,0.33013025919596356,0.5228519439697266,0.8989969889322916,1.2633005777994792
175,0.3452301025390625,0.5260308583577474,0.9082953135172526,1.2861887613932292
176,0.33736228942871094,0.5326271057128906,0.9009838104248047,1.3017654418945312
177,0.341335932413737,0.5314350128173828,0.9187857309977213,1.291195551554362
178,0.3482500712076823,0.5412101745605469,0.930627187093099,1.3138453165690105
179,0.34991900126139325,0.5444685618082682,0.9356339772542318,1.3579527537027996
180,0.36716461181640625,0.5443890889485677,0.9380976359049479,1.3508796691894531
181,0.35127003987630206,0.5589326222737631,0.9325345357259115,1.3585885365804036
182,0.36517779032389325,0.568230946858724,0.9463628133138021,1.3813972473144531
183,0.36517779032389325,0.5669593811035156,0.9677410125732422,1.4008680979410808
184,0.3687540690104167,0.5736351013183594,0.9915033976236979,1.4360745747884114
185,0.37558873494466144,0.5775292714436849,0.9853045145670573,1.417080561319987
186,0.3666083017985026,0.5759398142496744,0.9948412577311198,1.419385274251302
187,0.38695335388183594,0.5860328674316406,1.0051727294921875,1.4545917510986328
188,0.3886222839355469,0.5954901377360026,1.0314782460530598,1.4435450236002605
189,0.3770192464192708,0.5973974863688151,1.0445117950439453,1.4527638753255208
190,0.3886222839355469,0.6048679351806641,1.0379950205485027,1.4763673146565754
191,0.3925164540608724,0.6039142608642578,1.0506312052408855,1.4979839324951172
192,0.38512547810872394,0.6202856699625651,1.0994275410970051,1.4998912811279297
193,0.3948211669921875,0.6253719329833984,0.9929339090983073,1.562198003133138
194,0.39688746134440106,0.6251335144042969,1.0829766591389973,1.550912857055664
195,0.4049936930338542,0.6442070007324219,1.1072953542073567,1.6307830810546875
196,0.4009405771891276,0.6299813588460287,1.0957717895507812,1.6070206960042317
197,0.40610631306966144,0.6349086761474609,1.1223157246907551,1.5691121419270833
198,0.42247772216796875,0.6405512491861979,1.1315345764160156,1.5941460927327473
199,0.4068215688069661,0.6347497304280599,1.1343955993652344,1.6240278879801433
200,0.4295508066813151,0.640869140625,1.1483033498128254,1.6295115152994792
201,0.41667620340983075,0.6672541300455729,1.2018680572509766,1.6593138376871746
202,0.42557716369628906,0.6703535715738932,1.1727015177408855,1.671155293782552
203,0.43129920959472656,0.6682078043619791,1.1815230051676433,1.6662279764811199
204,0.4299481709798177,0.6804466247558594,1.1703968048095703,1.7019907633463542
205,0.4409948984781901,0.6489753723144531,1.2056827545166016,1.7535686492919922
206,0.44989585876464844,0.6981690724690756,1.1949539184570312,1.7004013061523438
207,0.43392181396484375,0.7003148396809896,1.2368361155192058,1.757224400838216
208,0.4553000132242839,0.7019837697347006,1.2446244557698567,1.7731189727783203
209,0.4487832387288411,0.7090568542480469,1.229683558146159,1.7523765563964844
210,0.455935796101888,0.7108847300211588,1.2377103169759114,1.772165298461914
211,0.45879681905110675,0.7435480753580729,1.262982686360677,1.7816225687662761
212,0.4611015319824219,0.7422765096028646,1.2669563293457031,1.8142859141031902
213,0.4680156707763672,0.7184346516927084,1.2733141581217449,1.898050308227539
214,0.4706382751464844,0.7382233937581381,1.3012091318766277,1.8458366394042969
215,0.47008196512858075,0.7463296254475912,1.2947718302408855,1.8494923909505208
216,0.4749298095703125,0.7114410400390625,1.309792200724284,1.893440882364909
217,0.4774729410807292,0.7494290669759115,1.3078053792317708,1.8714269002278645
218,0.4794597625732422,0.7680257161458334,1.4302730560302734,1.9346078236897786
219,0.4829565684000651,0.7717609405517578,1.3770262400309246,1.9258658091227214
220,0.48152605692545575,0.77056884765625,1.3468265533447266,1.958767573038737
221,0.4958311716715495,0.7790724436442057,1.3580322265625,2.0210742950439453
222,0.4958311716715495,0.7755756378173828,1.3751983642578125,1.9897619883219402
223,0.49432118733723956,0.7903575897216797,1.3848145802815754,1.9986629486083984
224,0.5059242248535156,0.7940928141276041,1.3962586720784504,2.001206080118815
225,0.5087852478027344,0.7958412170410156,1.4119942982991536,1.9880135854085286
226,0.5115667978922526,0.8118947347005209,1.3531049092610676,2.0172595977783203
227,0.5135536193847656,0.8114178975423177,1.4220078786214192,2.043485641479492
228,0.5101362864176432,0.8164246877034506,1.4262994130452473,2.0630359649658203
229,0.5083084106445312,0.8370876312255859,1.4421939849853516,2.0624001820882163
230,0.5101362864176432,0.8165836334228516,1.4426708221435547,2.0923614501953125
231,0.5206267038981119,0.8185704549153646,1.4866987864176433,2.106825510660807
232,0.5237261454264323,0.8346239725748698,1.4922618865966797,2.1217664082845054
233,0.5300045013427734,0.8498827616373698,1.4992554982503254,2.131779988606771
234,0.5518595377604166,0.8864402770996094,1.5019575754801433,2.166906992594401
235,0.5368391672770182,0.8687973022460938,1.5352567036946614,2.1724700927734375
236,0.5469322204589844,0.8556048075358073,1.4472007751464844,2.243200937906901
237,0.5386670430501302,0.8684794108072916,1.5579859415690105,2.201557159423828
238,0.5462169647216797,0.8951822916666666,1.5728473663330078,2.343416213989258
239,0.5520184834798177,0.9009043375651041,1.5637874603271484,2.317031224568685
240,0.5528132120768229,0.8880297342936198,1.5886624654134114,2.2520224253336587
241,0.5536874135335287,0.9159247080485026,1.5867551167805989,2.270857493082682
242,0.5740324656168619,0.9025732676188151,1.6109148661295574,2.333402633666992
243,0.5745093027750651,0.9090900421142578,1.6173521677652996,2.29795773824056
244,0.5753040313720703,0.9226799011230469,1.612265904744466,2.336581548055013
245,0.5915959676106771,0.930627187093099,1.6833146413167317,2.3743311564127603
246,0.5662441253662109,0.9009043375651041,1.6705989837646484,2.4940967559814453
247,0.591437021891276,0.9392897288004557,1.6759236653645833,2.3817221323649087
248,0.5904038747151693,0.9540716807047526,1.6797383626302083,2.4058024088541665
249,0.5934238433837891,0.9478727976481119,1.6928513844807942,2.5189717610677085
250,0.5995432535807291,0.9638468424479166,1.7094612121582031,2.4277369181315103
251,0.5944569905598959,0.9700457255045573,1.691738764444987,2.444744110107422
252,0.6055037180582682,0.9862581888834635,1.7171700795491536,2.4836858113606772
253,0.5969206492106119,0.9761651357014974,1.7252763112386067,2.5173823038736978
254,0.6014506022135416,1.0333855946858723,1.745303471883138,2.5708675384521484
255,0.6406307220458984,0.9961128234863281,1.7878214518229167,2.5777816772460938
256,0.6139278411865234,0.9860197703043619,1.77764892578125,2.5753180185953775
257,0.6137688954671224,0.9891986846923828,1.8164316813151042,2.6622613271077475
258,0.6214777628580729,1.022020975748698,1.8047491709391277,2.603451410929362
259,0.6171862284342448,1.0158220926920574,1.8328030904134114,2.6426315307617188
260,0.6323655446370443,1.024166742960612,1.851797103881836,2.638737360636393
261,0.6241798400878906,1.0504722595214844,1.8453598022460938,2.6597976684570312
262,0.6640752156575521,1.0246435801188152,1.8489360809326172,2.818504969278971
263,0.6471474965413412,1.0349750518798828,1.9183158874511719,2.714236577351888
264,0.6496906280517578,1.0060469309488933,1.9031365712483723,2.728700637817383
265,0.6796518961588541,1.0735193888346355,1.885811487833659,2.774953842163086
266,0.6601810455322266,1.0784467061360676,1.9410451253255208,2.7980804443359375
267,0.6633599599202474,1.1750062306722004,1.9356409708658855,2.788066864013672
268,0.6814797719319662,1.122872034708659,1.9537607828776042,2.8596719106038413
269,0.6771087646484375,1.0875860850016277,1.979827880859375,2.855698267618815
270,0.6858507792154948,1.1232693990071614,1.9950071970621746,2.8537909189860025
271,0.6781419118245443,1.1231104532877605,2.0180543263753257,2.922614415486654
272,0.6905396779378256,1.1126200358072917,2.0433266957600913,2.927541732788086
273,0.6695588429768881,1.1717478434244792,2.0805994669596353,2.919912338256836
274,0.6947517395019531,1.155853271484375,2.0346641540527344,3.060420354207357
275,0.717004140218099,1.239776611328125,2.0883878072102866,3.017425537109375
276,0.7089773813883463,1.168966293334961,2.0739237467447915,3.021081288655599
277,0.7247130076090494,1.1755625406901042,2.086798350016276,3.0364990234375
278,0.7274150848388672,1.1723836263020833,2.171754837036133,3.227392832438151
279,0.72479248046875,1.183907190958659,2.146482467651367,3.1325817108154297
280,0.7271766662597656,1.2214978535970051,2.180894215901693,3.100792566935221
281,0.7433096567789713,1.1708736419677734,2.165555953979492,3.194411595662435
282,0.7333755493164062,1.224835713704427,2.183834711710612,3.1588077545166016
283,0.7388591766357422,1.233498255411784,2.1980603535970054,3.1887690226236978
284,0.7421970367431641,1.24359130859375,2.194086710611979,3.200372060139974
285,0.7580916086832682,1.255035400390625,2.2554397583007812,3.2062530517578125
286,0.758965810139974,1.268625259399414,2.2598902384440103,3.248294194539388
287,0.7700920104980469,1.2656847635904949,2.3233890533447266,3.315607706705729
288,0.7692972819010416,1.2711683909098308,2.283334732055664,3.3066272735595703
289,0.7703304290771484,1.2865066528320312,2.307891845703125,3.3598740895589194
290,0.7840792338053385,1.2838045756022136,2.3399988810221353,3.315607706705729
291,0.7958412170410156,1.306295394897461,2.3664633433024087,3.5858949025472007
292,0.7916291554768881,1.3132095336914062,2.3189385732014975,3.397067387898763
293,0.8083979288736979,1.3217926025390625,2.365271250406901,3.458817799886068
294,0.7989406585693359,1.3448397318522136,2.3740132649739585,3.4679571787516275
295,0.8052984873453776,1.3219515482584636,2.3953119913736978,3.5445690155029297
296,0.800927480061849,1.3725757598876953,2.4298826853434243,3.500858942667643
297,0.8054574330647787,1.276572545369466,2.4607181549072266,3.507852554321289
298,0.8451143900553385,1.3809998830159504,2.4574597676595054,3.5441716512044272
299,0.8325576782226562,1.3760725657145183,2.484877904256185,3.601551055908203
300,0.8262793223063151,1.3806819915771484,2.5392373402913413,3.5865306854248047
301,0.850836435953776,1.4179547627766926,2.5080045064290366,3.624121348063151
302,0.8429686228434244,1.4362335205078125,2.4998982747395835,3.652334213256836
303,0.8392333984375,1.4047622680664062,2.5751590728759766,3.6620299021402993
304,0.8514722188313802,1.4466444651285808,2.5383631388346353,3.7615299224853516
305,0.8617242177327474,1.386086146036784,2.580404281616211,3.7450790405273438
306,0.8688767751057943,1.4579296112060547,2.6028951009114585,3.7429332733154297
307,0.8786519368489584,1.468976338704427,2.763668696085612,3.8008689880371094
308,0.8933544158935547,1.4882882436116536,2.6330947875976562,3.8092931111653647
309,0.8999506632486979,1.4754136403401692,2.615769704182943,3.8590431213378906
310,0.9144147237141927,1.4839967091878254,2.671957015991211,3.91538937886556
311,0.8745988210042318,1.4854272206624348,2.762953440348307,3.9078394571940103
312,0.8941491444905599,1.525561014811198,2.688248952229818,3.932793935139974
313,0.9052753448486328,1.5500386555989583,2.6640097300211587,3.954013188680013
314,0.9032885233561198,1.5291372934977214,2.7588208516438804,4.129966100056966
315,0.9116331736246744,1.520713170369466,2.7556419372558594,4.011392593383789
316,0.9112358093261719,1.5358924865722656,2.7549266815185547,4.0272871653238935
317,0.9304682413736979,1.556714375813802,2.866029739379883,4.098176956176758
318,0.9147326151529948,1.5552838643391926,2.8280417124430337,4.1340986887613935
319,0.9240309397379557,1.584927241007487,2.7999083201090493,4.117886225382487
320,0.9361902872721354,1.5725294748942058,2.8600692749023438,4.143714904785156
321,0.9543895721435547,1.6096433003743489,2.8778711954752603,4.195292790730794
322,0.9392102559407552,1.6665458679199219,3.014643987019857,4.309177398681641
323,0.9575684865315756,1.5936692555745442,2.9223759969075522,4.270156224568685
324,0.9397665659586588,1.6370614369710286,2.8852621714274087,4.172722498575847
325,0.9700457255045573,1.6292730967203777,2.9206275939941406,4.320462544759114
326,0.9791056315104166,1.6436576843261719,2.936760584513346,4.3515364329020185
327,0.9693304697672526,1.6644001007080078,2.9964447021484375,4.473288853963216
328,0.9779930114746094,1.669009526570638,3.011941909790039,4.359086354573567
329,1.011212666829427,1.6578038533528645,3.1153361002604165,4.372755686442058
330,0.9965896606445312,1.648267110188802,3.0268033345540366,4.438241322835286
331,1.0001659393310547,1.6591548919677734,3.200531005859375,4.442056020100911
332,1.0233720143636067,1.7120043436686199,3.0785401662190757,4.469474156697591
333,1.0055700937906902,1.7666816711425781,3.094355265299479,4.659970601399739
334,1.0274251302083333,1.7004807790120442,3.0908584594726562,4.626353581746419
335,1.0147889455159504,1.776297887166341,3.152926762898763,4.5422712961832685
336,1.0381539662679036,1.7531712849934895,3.1954447428385415,4.979292551676433
337,1.035610834757487,1.7410914103190105,3.1654834747314453,4.6329498291015625
338,1.0251998901367188,1.7598470052083333,3.129164377848307,4.626035690307617
339,1.0558764139811199,1.7824967702229817,3.2057762145996094,4.737059275309245
340,1.0421276092529297,1.7922719319661458,3.2819112141927085,4.697640736897786
341,1.050869623819987,1.7040570576985676,3.215630849202474,4.724979400634766
342,1.0724862416585286,1.8104712168375652,3.2616456349690757,5.087931950887044
343,1.060803731282552,1.8068949381510417,3.297885258992513,4.817883173624675
344,1.0763009389241536,1.8111069997151692,3.3515294392903647,4.881223042805989
345,1.0859966278076172,1.804351806640625,3.2996336619059243,4.924933115641276
346,1.0898113250732422,1.8295447031656902,3.349145253499349,4.899183909098308
347,1.081705093383789,1.9028186798095703,3.3470789591471353,5.002339680989583
348,1.0513464609781902,1.8548170725504558,3.357489903767904,5.030632019042969
349,1.1107126871744792,1.847982406616211,3.4868717193603516,4.968484242757161
350,1.118024190266927,1.9768079121907551,3.416299819946289,4.967927932739258
351,1.1170705159505208,1.9049644470214844,3.4797191619873047,5.097389221191406
352,1.1191368103027344,1.9030570983886719,3.4933884938557944,5.304813385009766
353,1.1270840962727864,1.9423166910807292,3.490447998046875,5.185524622599284
354,1.1192957560221355,1.9308725992838542,3.4879048665364585,5.1127274831136065
355,1.1061032613118489,1.9225279490152996,3.598292668660482,5.249182383219401
356,1.1260509490966797,1.9683837890625,3.5001436869303384,5.224466323852539
357,1.1374155680338542,1.9505818684895833,3.513813018798828,5.286375681559245
358,1.1213620503743489,1.970370610555013,3.6499500274658203,5.16661008199056
359,1.1284351348876953,1.9837220509847004,3.587802251180013,5.318244298299153
360,1.137097676595052,1.9996166229248047,3.6154588063557944,5.32992680867513
361,1.1595090230305989,1.9844373067220051,3.7221908569335938,5.438486735026042
362,1.1550585428873699,2.0176569620768228,3.6884943644205728,5.363623301188151
363,1.2497901916503906,1.9973119099934895,3.7473837534586587,5.7955582936604815
364,1.1705557505289714,2.048015594482422,3.7155946095784507,5.682229995727539
365,1.2287298838297527,2.0422140757242837,3.683328628540039,5.720218022664388
366,1.1951923370361328,2.1200974782307944,3.7146409352620444,5.565563837687175
367,1.2925465901692708,2.051194508870443,3.7947495778401694,5.4921309153238935
368,1.1151631673177083,2.074082692464193,3.815730412801107,5.541324615478516
369,1.2404123942057292,2.1079381306966147,4.455327987670898,5.74501355489095
370,1.2255509694417317,2.103726069132487,3.830591837565104,5.687395731608073
371,1.237312952677409,2.107540766398112,3.8515726725260415,5.672057469685872
372,1.2537638346354167,2.1544297536214194,4.181146621704102,5.693753560384114
373,1.2586116790771484,2.1544297536214194,3.889878590901693,5.762736002604167
374,1.3477007548014324,2.15911865234375,3.9169788360595703,5.783557891845703
375,1.2542406717936199,2.1736621856689453,3.956317901611328,5.808909734090169
376,1.2737115224202473,2.3262500762939453,4.051923751831055,6.204843521118164
377,1.2621879577636719,2.213557561238607,4.017035166422526,5.846182505289714
378,1.2633005777994792,2.1865367889404297,4.006147384643555,5.812168121337891
379,1.2794335683186848,2.211888631184896,3.995498021443685,5.922476450602214
380,1.245578130086263,2.1938482920328775,4.03896967569987,5.9337615966796875
381,1.3133684794108074,2.244075139363607,4.13815180460612,5.991458892822266
382,1.3069311777750652,2.238035202026367,4.124085108439128,6.003141403198242
383,1.2887318929036458,2.275228500366211,4.105329513549805,6.110032399495442
384,1.3045469919840496,2.28730837504069,4.178921381632487,6.086508433024089
385,1.3179779052734375,2.296288808186849,4.152377446492513,6.201108296712239
386,1.3209184010823567,2.2804737091064453,4.283984502156575,6.11106554667155
387,1.3196468353271484,2.3256142934163413,4.2877197265625,6.1283111572265625
388,1.3327598571777344,2.314329147338867,4.181861877441406,6.195624669392903
389,1.3624032338460286,2.3167928059895835,4.279295603434245,6.6975752512613935
390,1.3368924458821614,2.299626668294271,4.289388656616211,6.243069966634114
391,1.3390382130940754,2.39713986714681,4.302740097045898,6.639242172241211
392,1.3637542724609375,2.3179848988850913,4.288037618001302,6.418148676554362
393,1.3457139333089192,2.3223559061686196,4.380544026692708,6.330966949462891
394,1.348416010538737,2.3789405822753906,4.408677419026692,6.352980931599935
395,1.4099280039469402,2.409696578979492,4.413048426310222,6.402810414632161
396,1.3956228892008464,2.4160544077555337,4.364252090454102,6.486574808756511
397,1.399993896484375,2.4231274922688804,4.429340362548828,6.589968999226888
398,1.3742446899414062,2.4979114532470703,4.39906120300293,6.487528483072917
399,1.4171600341796875,2.4504661560058594,4.419167836507161,6.503105163574219
400,1.3933181762695312,2.454519271850586,4.447221755981445,6.62541389465332
401,1.4608701070149739,2.5091171264648438,4.5405228932698565,6.554762522379558
402,1.4290014902750652,2.5539398193359375,4.692633946736653,6.617625554402669
403,1.4292399088541667,2.46580441792806,4.525184631347656,6.66038195292155
404,1.4154116312662761,2.507766087849935,4.632155100504558,6.782134373982747
405,1.4150142669677734,2.5441646575927734,4.609425862630208,6.720701853434245
406,1.4496644337972004,2.539475758870443,4.655043284098308,6.863117218017578
407,1.4600753784179688,2.582550048828125,4.653056462605794,7.110118865966797
408,1.4812151590983074,2.5283495585123696,4.658937454223633,6.881237030029297
409,1.4675458272298176,2.538919448852539,4.672765731811523,6.914933522542317
410,1.4549891153971355,2.571264902750651,4.778623580932617,6.993770599365234
411,1.5342235565185547,2.598921457926432,4.691680272420247,6.995042165120442
412,1.4719963073730469,2.5859673817952475,4.747867584228516,7.098595301310222
413,1.4989376068115234,2.6389757792154946,4.830121994018555,7.004022598266602
414,1.531680425008138,2.6140213012695312,4.811843236287435,7.239421208699544
415,1.5688737233479817,2.682209014892578,4.860877990722656,7.20969835917155
416,1.5018781026204426,2.6553471883138022,4.876295725504558,7.192134857177734
417,1.4861424763997395,2.6845932006835938,4.888296127319336,7.284084955851237
418,1.5365282694498699,2.6602745056152344,4.983981450398763,7.2783629099528
419,1.5332698822021484,2.667665481567383,5.132436752319336,7.356087366739909
420,1.5481313069661458,2.7054150899251304,4.904508590698242,7.2888533274332685
421,1.6075770060221355,2.6919047037760415,4.982709884643555,7.279872894287109
422,1.5138785044352214,2.7232964833577475,5.109866460164388,7.447560628255208
423,1.516898473103841,2.7201970418294272,5.0563812255859375,7.565975189208984
424,1.5549659729003906,2.774318059285482,5.0538380940755205,7.385094960530599
425,1.5501976013183594,2.7674039204915366,5.066474278767903,7.380882898966472
426,1.5443166097005208,2.744277318318685,5.049864451090495,7.4625809987386065
427,1.5832583109537761,2.8803348541259766,5.077759424845378,7.523695627848308
428,1.573006312052409,2.781391143798828,5.080858866373698,7.587989171346028
429,1.5854835510253906,2.786397933959961,5.087693532307942,7.629553476969401
430,1.6110738118489583,2.794663111368815,5.2115122477213545,7.68272082010905
431,1.6168753306070964,2.827803293863932,5.151112874348958,7.703224817911784
432,1.6260941823323567,2.8101603190104165,5.148967107137044,7.833798726399739
433,1.6191800435384114,2.8626124064127603,5.210161209106445,7.75909423828125
434,1.6540686289469402,2.8704007466634116,5.246798197428386,7.7656904856363935
435,1.661221186319987,2.9425621032714844,5.307912826538086,7.8220367431640625
436,1.6442139943440754,2.870639165242513,5.430539449055989,7.788658142089844
437,1.6408761342366536,2.9120445251464844,5.314191182454427,7.92702039082845
438,1.6409556070963542,2.9129981994628906,5.338986714680989,7.988373438517253
439,1.6910235087076824,3.115097681681315,5.374511082967122,8.105039596557617
440,1.6546249389648438,3.0080477396647134,5.551656087239583,8.15733273824056
441,1.711130142211914,2.951542536417643,5.457639694213867,8.095105489095053
442,1.6965866088867188,2.9643376668294272,5.415042241414388,8.092641830444336
443,1.6644795735677083,2.972126007080078,5.527575810750325,8.125623067220053
444,1.7001628875732422,2.9717286427815757,5.6304136912028,8.212089538574219
445,1.6968250274658203,3.059228261311849,5.657196044921875,8.303562800089518
446,1.7437934875488281,3.018617630004883,5.564530690511067,8.21065902709961
447,1.706838607788086,3.0022462209065757,5.537748336791992,8.215745290120443
448,1.730044682820638,3.028233846028646,5.516529083251953,8.262077967325846
449,1.7848014831542969,3.06089719136556,5.680561065673828,8.394241333007812
450,1.7555554707845051,3.0514399210611978,5.738973617553711,8.554220199584961
451,1.8201669057210286,3.1435489654541016,5.711952845255534,8.563756942749023
452,1.7404556274414062,3.063837687174479,5.6142012278238935,9.044488271077475
453,1.733700434366862,3.0950705210367837,5.6883494059244795,8.389870325724283
454,1.7503897349039714,3.085454305013021,5.716800689697266,8.632500966389975
455,1.7666816711425781,3.158728281656901,5.734999974568685,8.640686670939127
456,1.7743110656738281,3.1716028849283853,5.811611811319987,8.562882741292318
457,1.791556676228841,3.160874048868815,5.863666534423828,8.603970209757486
458,1.793225606282552,3.1937758127848306,5.867163340250651,8.620421091715494
459,1.7671585083007812,3.170013427734375,5.827426910400391,8.720715840657553
460,1.7712910970052083,3.22111447652181,5.933125813802083,8.779764175415039
461,1.8145243326822917,3.218571345011393,5.878130594889323,8.68829091389974
462,1.8088022867838542,3.198544184366862,6.021261215209961,9.400606155395508
463,1.794576644897461,3.266493479410807,5.965471267700195,8.781750996907553
464,1.8013318379720051,3.2623608907063804,5.943616231282552,8.81346066792806
465,1.7969608306884766,3.2581488291422525,5.969524383544922,9.017546971638998
466,1.8268426259358723,3.244479497273763,5.992968877156575,9.140332539876303
467,1.8556912740071614,3.3248265584309897,6.158272425333659,9.204387664794922
468,1.8565654754638672,3.4171740214029946,6.139357884724935,9.049733479817709
469,1.8646717071533203,3.3032099405924478,6.142775217692058,9.14748509724935
470,1.8948713938395183,3.359556198120117,6.118297576904297,9.154637654622396
471,1.9042491912841797,3.3294359842936196,6.21485710144043,9.169181187947592
472,1.8808841705322266,3.400882085164388,6.416797637939453,9.248097737630209
473,1.8969376881917317,3.3850669860839844,6.231546401977539,9.21940803527832
474,1.8768310546875,3.447453180948893,6.521940231323242,9.234984715779623
475,1.9419193267822266,3.386418024698893,6.279309590657552,9.528557459513346
476,3.788630167643229,3.4221808115641275,6.304025650024414,9.316603342692057
477,1.9347667694091797,3.4407774607340493,6.278832753499349,9.331782658894857
478,1.8876393636067708,3.4722487131754556,6.478071212768555,9.530067443847656
479,1.9520123799641926,3.4728050231933594,6.39192263285319,9.412368138631185
480,1.9439856211344402,3.5004615783691406,6.366491317749023,9.436845779418945
481,1.9733905792236328,3.4710566202799478,6.70472780863444,9.814580281575521
482,1.9585291544596355,3.487825393676758,6.520748138427734,10.106960932413736
483,1.9321441650390625,3.534555435180664,6.688753763834636,9.704192479451498
484,1.994768778483073,3.549814224243164,6.559610366821289,9.687264760335287
485,2.0154317220052085,3.517627716064453,6.661653518676758,10.346651077270508
486,1.9982655843098958,3.547827402750651,6.521542867024739,9.752670923868815
487,1.993099848429362,3.664096196492513,6.516059239705403,9.867986043294271
488,2.045313517252604,3.564119338989258,6.572802861531575,9.782075881958008
489,2.028862635294596,3.607511520385742,6.770133972167969,9.887377421061197
490,2.0291010538736978,3.6319096883138022,6.6941579182942705,9.950081507364908
491,2.0356178283691406,3.627936045328776,6.869157155354817,10.009368260701498
492,2.03553835550944,3.618319829305013,6.7208607991536455,10.051886240641275
493,2.052942911783854,3.7985642751057944,6.661812464396159,9.98226801554362
494,2.0537376403808594,3.6586125691731772,6.732940673828125,10.197718938191732
495,2.0074049631754556,3.6918322245279946,6.768067677815755,10.204792022705078
496,2.061049143473307,3.6963621775309243,6.860415140787761,10.163307189941406
497,2.1155675252278647,3.927151362101237,6.907224655151367,10.232369105021158
498,2.1104017893473306,3.9065678914388022,6.930748621622722,10.366280873616537
499,2.081155776977539,3.9008458455403647,6.923993428548177,10.318835576375326
500,2.1332899729410806,3.8108030954996743,6.951808929443359,10.274887084960938
501,2.1132628122965493,3.881216049194336,6.950775782267253,10.36381721496582
502,2.1298726399739585,3.7515958150227866,7.054567337036133,10.853926340738932
503,2.1108786265055337,3.757635752360026,7.024606068929036,10.510921478271484
504,2.1057923634847007,3.8257439931233725,6.933689117431641,10.500113169352213
505,2.1539529164632163,3.755966822306315,7.131656010945638,10.590632756551107
506,2.1390914916992188,3.8367907206217446,7.092396418253581,10.67050298055013
507,2.1648406982421875,3.7980874379475913,7.196585337320964,10.703245798746744
508,2.1537144978841147,4.086891810099284,7.555246353149414,10.570446650187174
509,2.1729469299316406,3.8798650105794272,7.2333017985026045,10.727167129516602
510,2.1632512410481772,3.874540328979492,7.486581802368164,10.782321294148764
511,2.1837552388509116,3.9049784342447915,7.411400477091472,10.871489842732748
512,2.2172927856445312,3.945430119832357,7.256507873535156,10.853449503580729
513,2.2204717000325522,3.9148330688476562,7.334550221761067,10.940790176391602
514,2.162456512451172,3.9495627085367837,7.353305816650391,11.010885238647461
515,2.2223790486653647,4.072268803914388,7.313728332519531,10.889212290445963
516,2.227226893107096,4.059394200642903,7.376829783121745,11.014938354492188
517,2.2563934326171875,3.995974858601888,7.411797841389974,11.296987533569336
518,2.258777618408203,3.9947032928466797,7.516066233317058,11.31145159403483
519,2.2303263346354165,4.125038782755534,7.880846659342448,11.129140853881836
520,2.2973219553629556,4.07099723815918,7.476091384887695,11.182149251302084
521,2.3041566212972007,4.053831100463867,7.655779520670573,11.261860529581705
522,2.2706985473632812,4.195769627888997,7.567882537841797,11.234362920125326
523,2.276182174682617,4.092057545979817,7.579723993937175,11.558771133422852
524,2.2918383280436196,4.050334294637044,7.554451624552409,11.357625325520834
525,2.2756258646647134,4.087209701538086,7.8296661376953125,11.512835820515951
526,2.3179848988850913,4.07711664835612,7.6910654703776045,11.45188013712565
527,2.451340357462565,4.175742467244466,8.264621098836264,13.141314188639322
528,2.451022466023763,4.340807596842448,8.597215016682943,11.999130249023438
529,2.374410629272461,4.188140233357747,7.778485616048177,11.946916580200195
530,2.3757616678873696,4.784901936848958,8.193651835123697,11.729240417480469
531,2.3555755615234375,4.711627960205078,9.29117202758789,12.759764989217123
532,2.5660196940104165,4.369258880615234,8.464892705281576,12.009143829345703
533,2.4944941202799478,4.35638427734375,8.314371109008789,12.83407211303711
534,2.481381098429362,4.4316450754801435,8.295694986979166,12.091716130574545
535,2.492030461629232,4.645903905232747,8.150736490885416,14.018058776855469
536,2.537965774536133,4.421552022298177,8.420864741007486,12.544949849446615
537,2.464850743611654,4.572470982869466,8.292833964029947,12.49257723490397
538,2.4979114532470703,4.433393478393555,8.63345464070638,12.665987014770508
539,2.730846405029297,4.510720570882161,8.200327555338541,12.48017946879069
540,2.4245580037434897,4.583915074666341,10.550498962402344,16.59814516703288
541,3.3419132232666016,5.219221115112305,10.185480117797852,14.323155085245768
542,2.566814422607422,5.040168762207031,9.233792622884115,13.46731185913086
543,3.0380884806315103,4.869540532430013,8.798758188883463,13.306299845377604
544,3.1475226084391275,4.809776941935222,8.910338083902994,13.26314608256022
545,2.653201421101888,5.049308141072591,9.523391723632812,13.556162516276041
546,2.7199586232503257,4.77290153503418,9.176254272460938,13.013124465942383
547,2.544562021891276,4.613240559895833,8.56796900431315,13.497114181518555
548,2.751509348551432,5.062977472941081,8.537213007609049,12.87698745727539
549,2.621730168660482,4.548947016398112,8.817513783772787,13.299226760864258
550,2.626816431681315,4.69819704691569,8.518139521280924,13.016700744628906
551,2.593835194905599,4.586140314737956,9.12618637084961,13.77415657043457
552,2.576589584350586,4.835923512776692,8.646488189697266,12.86753018697103
553,2.5614102681477866,4.687706629435222,8.743604024251303,13.148228327433268
554,2.579371134440104,4.653692245483398,8.75393549601237,12.96544075012207
555,2.591848373413086,4.69056765238444,8.670965830485025,13.252019882202148
556,2.5627613067626953,4.69668706258138,8.744160334269205,13.69174321492513
557,2.5777816772460938,4.743258158365886,8.795817693074545,13.08894157409668
558,2.6558240254720054,4.652818044026692,8.683443069458008,13.094584147135416
559,2.605994542439779,4.708449045817058,8.766571680704752,13.054211934407553
560,2.6117960611979165,4.745960235595703,9.027322133382162,13.273954391479492
561,2.6330153147379556,4.693349202473958,9.031136830647787,13.07988166809082
562,2.700964609781901,4.946390787760417,8.856614430745443,13.328154881795248
563,2.622365951538086,4.767894744873047,8.925120035807291,13.55600357055664
564,2.633174260457357,4.980007807413737,8.886416753133139,13.266801834106445
565,2.673625946044922,4.767417907714844,9.054899215698242,13.455470403035482
566,2.6373068491617837,4.785935084025065,9.213924407958984,13.606627782185873
567,2.6791890462239585,4.894733428955078,8.980194727579752,13.943831125895182
568,2.6847521464029946,5.089759826660156,9.05593236287435,19.291003545125324
569,3.0559698740641275,4.842996597290039,9.164810180664062,13.467073440551758
570,2.698977788289388,4.884004592895508,9.062369664510092,13.620694478352865
571,2.735773722330729,4.862546920776367,9.223063786824545,13.798793156941732
572,2.6941299438476562,4.980802536010742,9.575525919596354,13.985554377237955
573,2.7214686075846353,5.0048828125,9.4300905863444,13.707955678304037
574,2.834479014078776,4.89656130472819,9.350856145222982,13.907353083292643
575,2.7272701263427734,4.97134526570638,9.254376093546549,13.92976442972819
576,2.7716954549153647,5.014260609944661,9.414911270141602,13.732512791951498
577,2.7877489725748696,5.047082901000977,9.179989496866861,13.966798782348633
578,2.789576848347982,5.0048828125,9.822845458984375,14.373779296875
579,2.7937094370524087,5.036274592081706,9.322643280029297,14.480272928873697
580,3.007968266805013,5.294561386108398,9.510358174641928,14.366626739501953
581,2.909978230794271,5.127906799316406,9.71547762552897,14.613072077433268
582,2.9322306315104165,5.192120869954427,9.844303131103516,14.74150021870931
583,3.0350685119628906,5.198001861572266,9.750604629516602,15.255292256673178
584,2.8929710388183594,5.297104517618815,9.872198104858398,14.784495035807291
585,3.074804941813151,6.202459335327148,10.358174641927084,14.811197916666666
586,2.934058507283529,5.337874094645183,10.361830393473307,17.43038495381673
587,2.965211868286133,5.729198455810547,10.36373774210612,16.147692998250324
588,3.131707509358724,5.749305089314778,11.33871078491211,15.343983968098959
589,2.894878387451172,5.349874496459961,10.904073715209961,14.887650807698568
590,2.925872802734375,5.366007486979167,10.024706522623697,15.420834223429361
591,3.0519962310791016,5.365610122680664,10.0555419921875,15.012900034586588
592,2.986907958984375,5.295674006144206,9.955485661824545,15.056769053141275
593,3.003358840942383,5.600929260253906,10.04791259765625,15.304803848266602
594,2.9425621032714844,5.409399668375651,10.141690572102865,15.203714370727539
595,3.0056635538736978,5.36807378133138,10.170380274454752,15.255451202392578
596,2.9876232147216797,5.4124196370442705,10.167916615804037,15.223026275634766
597,3.078460693359375,5.433400472005208,10.164737701416016,15.272299448649088
598,3.035942713419596,5.376100540161133,10.35777727762858,15.484015146891275
599,3.0297438303629556,5.494832992553711,10.293324788411459,15.367269515991211
600,3.05326779683431,5.669514338175456,10.269244511922201,15.29542605082194
601,3.038326899210612,5.559762318929036,10.31351089477539,15.72092374165853
602,3.0670166015625,5.455493927001953,10.429620742797852,15.572706858317057
603,3.133535385131836,5.874395370483398,10.507742563883463,15.692869822184244
604,3.098646799723307,5.698283513387044,10.330915451049805,15.458981196085611
605,3.0548572540283203,5.712668100992839,10.429064432779947,15.702962875366211
606,3.0728975931803384,5.580504735310872,10.8795166015625,15.606085459391275
607,3.207524617513021,5.572795867919922,10.565519332885742,15.679677327473959
608,3.1232833862304688,5.759716033935547,10.562976201375326,15.973409016927084
609,3.089427947998047,5.686362584431966,10.623852411905924,15.891949335734049
610,3.147681554158529,5.643606185913086,11.276960372924805,15.99733034769694
611,3.134012222290039,5.615472793579102,10.719617207845053,15.874703725179037
612,3.1175613403320312,5.687634150187175,10.65214474995931,16.246716181437176
613,3.320932388305664,5.771954854329427,10.977506637573242,16.859134038289387
614,3.132343292236328,5.639870961507161,10.75132687886556,16.190846761067707
615,3.1588077545166016,5.72975476582845,10.660727818806967,16.228437423706055
616,3.2369295756022134,5.916515986124675,11.01374626159668,16.051292419433594
617,3.152608871459961,6.056865056355794,10.988712310791016,16.635417938232422
618,3.2500425974527993,5.698839823404948,10.906219482421875,16.29161834716797
619,3.1913121541341147,6.071647008260091,10.871410369873047,16.489187876383465
620,3.233830134073893,5.798816680908203,11.986017227172852,16.90371831258138
621,3.9063294728597007,6.594181060791016,11.934280395507812,17.908175786336262
622,3.242969512939453,5.94631830851237,10.971705118815104,16.848643620808918
623,3.3969879150390625,6.1016082763671875,11.446396509806315,16.98954900105794
624,3.3811728159586587,6.551980972290039,12.094895044962565,17.33843485514323
625,4.495779673258464,8.559862772623697,11.309067408243815,16.570488611857098
626,3.24400266011556,5.9498945871988935,11.031786600748697,16.495943069458008
627,3.2939910888671875,5.8511098225911455,11.051416397094727,17.146587371826172
628,3.232876459757487,5.880832672119141,11.169672012329102,16.624053319295246
629,3.54766845703125,5.944252014160156,11.147260665893555,16.93439483642578
630,3.340641657511393,6.065766016642253,11.099974314371744,17.0291264851888
631,3.316958745320638,6.051063537597656,11.275688807169596,16.747315724690754
632,3.309965133666992,6.036996841430664,11.312087376912435,17.880360285441082
633,3.608544667561849,6.655693054199219,14.190753300984701,17.872174580891926
634,3.457784652709961,6.346702575683594,12.380043665568033,19.28106943766276
635,4.265069961547852,6.690502166748047,11.934280395507812,19.059499104817707
636,6.705999374389648,6.438096364339192,12.175559997558594,18.7985897064209
